Wavelength(nm),Intensity
195.12919999999997,0.0
195.39600000000007,0.0
195.66289999999992,0.0
195.92979999999994,0.0
196.19660000000007,0.0
196.46349999999998,0.0
196.73030000000003,0.0
196.99719999999994,0.0
197.26400000000007,0.0
197.53080000000003,0.0
197.79770000000002,0.0
198.06449999999998,0.0
198.33129999999997,0.0
198.59810000000002,0.0
198.8649,0.0
199.13160000000005,0.0
199.39839999999998,0.0
199.66519999999994,0.0
199.93199999999993,0.0
200.19869999999997,0.0
200.4654999999999,0.0
200.73219999999995,0.0
200.99890000000002,0.0
201.26569999999998,0.0
201.5324,0.0
201.79910000000004,0.0
202.06579999999997,0.0
202.3325,0.0
202.59920000000005,0.0
202.86589999999993,0.0
203.13259999999997,0.0
203.39919999999998,0.0
203.66590000000002,0.0
203.93249999999995,0.0
204.19919999999996,0.0
204.4658,0.0
204.73250000000002,0.0
204.9991,0.0
205.26569999999998,0.0
205.53229999999994,0.0
205.79889999999992,0.0
206.06550000000004,0.0
206.33210000000003,0.0
206.59870000000004,0.0
206.8653,0.0
207.13189999999997,0.0
207.39839999999998,0.0
207.66500000000002,0.0
207.93150000000003,0.0
208.1981,0.0
208.4645999999999,0.0
208.73110000000003,0.0
208.99769999999995,0.0
209.26420000000002,0.0
209.5306999999999,0.0
209.79720000000003,0.0
210.06370000000004,0.0
210.33019999999993,0.0
210.59659999999994,0.0
210.86309999999997,0.0
211.12960000000012,0.0
211.39600000000007,0.0
211.66249999999997,0.0
211.92889999999994,0.0
212.1954,0.0
212.46179999999998,0.0
212.72819999999996,0.0
212.9946,0.0
213.26100000000002,0.0
213.5274,0.0
213.79379999999998,0.0
214.06019999999995,0.0
214.32659999999998,0.0
214.59299999999993,0.0
214.85930000000002,0.0
215.1257,0.0
215.3919999999999,0.0
215.65839999999994,0.0
215.92469999999997,0.0
216.1909999999999,0.0
216.4574000000001,0.0
216.72370000000004,0.0
216.98999999999992,0.0
217.2563,0.0
217.5226000000001,0.0
217.78889999999998,0.0
218.05509999999998,0.0
218.3213999999999,0.0
218.58769999999998,0.0
218.8539,0.0
219.12019999999998,0.0
219.3864,0.0
219.65270000000004,0.0
219.91890000000006,0.0
220.1851,0.0
220.45130000000003,0.0
220.71750000000006,0.0
220.9836999999999,0.0
221.24989999999988,0.0
221.5160999999999,0.0
221.78229999999994,0.0
222.04849999999993,0.0
222.3146,0.0
222.58080000000004,0.0
222.84690000000003,0.0
223.11309999999997,0.0
223.3792,0.0
223.64530000000005,0.0
223.91150000000007,0.0
224.17760000000004,0.0
224.4436999999999,0.0
224.70980000000003,0.0
224.97589999999997,0.0
225.2420000000001,0.0
225.5079999999999,0.0
225.77410000000003,0.0
226.04019999999997,0.0
226.3062,0.0
226.5722999999999,0.0
226.83829999999995,0.0
227.10440000000008,0.0
227.37039999999988,0.0
227.6364,0.0
227.9024,0.0
228.1683999999999,0.0
228.43440000000004,0.0
228.70040000000003,0.0
228.96639999999994,0.0
229.23239999999996,0.0
229.49840000000006,0.0
229.7642999999999,0.0
230.0303,0.0
230.29619999999986,0.0
230.5622,0.0
230.82810000000003,0.0
231.094,0.0
231.35990000000004,0.0
231.6259,0.0
231.8918,0.0
232.15770000000006,0.0
232.42360000000002,0.0
232.68940000000012,0.0
232.95529999999997,0.0
233.2212,0.0
233.48709999999997,0.0
233.75290000000007,0.0
234.0187999999999,0.0
234.2846,0.0
234.55040000000002,0.0
234.81630000000007,0.0
235.08209999999997,0.0
235.34790000000007,0.0
235.61369999999994,0.0
235.8795,0.0
236.14530000000005,0.0
236.41109999999995,0.0
236.67690000000005,0.0
236.9426,0.0
237.2084000000001,0.0
237.47410000000002,0.0
237.73989999999992,0.0
238.00560000000007,0.0
238.27139999999997,0.0
238.53709999999998,0.0
238.80280000000005,0.0
239.0685,0.0
239.33420000000015,0.0
239.59990000000008,0.0
239.86560000000003,0.0
240.1313,0.0
240.397,0.0
240.6626,0.0
240.92829999999992,0.0
241.19400000000007,0.0
241.45960000000005,0.0
241.72519999999994,0.0
241.99089999999987,0.0
242.25650000000007,0.0
242.52210000000005,0.0
242.78769999999994,0.0
243.05329999999992,0.0
243.31890000000013,0.0
243.5845,0.0
243.8501,0.0
244.11570000000003,0.0
244.3811999999999,0.0
244.6468000000001,0.0
244.91240000000008,0.0
245.1779,0.0
245.44340000000005,0.0
245.70899999999992,0.0
245.9745,0.0
246.23999999999987,0.0
246.50550000000013,0.0
246.771,0.0
247.03650000000007,0.0
247.302,0.0
247.56750000000005,0.0
247.83299999999997,0.0
248.09839999999994,0.0
248.36390000000003,0.0
248.6293999999999,0.0
248.89479999999998,0.0
249.1602,0.0
249.42569999999986,0.0
249.6911,0.0
249.95650000000015,0.0
250.22190000000012,6.650325333333334
250.48729999999986,6.664116476190475
250.7527,6.579547142857143
251.01810000000015,6.712776476190475
251.2834999999999,6.874629285714285
251.54889999999986,6.977933904761906
251.8141999999999,7.1111629999999995
252.07959999999997,7.464793095238096
252.3449,7.7616960952380945
252.61030000000002,7.834816095238095
252.8756,7.7900594285714275
253.1409,7.755451904761904
253.4063,7.884517428571428
253.6716,8.376321
253.9369,8.560551999999998
254.20219999999998,8.92875380952381
254.4675,9.01852780952381
254.73279999999986,9.287327714285714
254.99799999999993,9.469216523809525
255.26329999999996,9.491854619047619
255.52859999999998,9.529846428571428
255.79380000000003,9.736195047619047
256.0591000000001,10.20562057142857
256.3243000000001,10.439292238095241
256.58960000000013,10.631069666666665
256.8548,10.919905476190475
257.11999999999995,11.052095714285713
257.3852,11.239188857142858
257.6504000000001,11.399479047619048
257.9156,11.507467714285713
258.18080000000003,11.664897904761904
258.44599999999997,11.773146285714287
258.7112,11.831955095238095
258.9763,11.851991857142858
259.24150000000003,11.862398238095238
259.50669999999997,11.98834219047619
259.7718000000001,12.014883190476192
260.0369,12.164507666666669
260.30209999999994,12.129637714285714
260.5672000000001,12.227737714285714
260.8323,12.255061095238094
261.09739999999994,12.193130476190474
261.36250000000007,12.104916952380952
261.6275999999999,12.073953619047618
261.89270000000005,12.050533904761906
262.1578,12.026335238095239
262.4228999999999,11.962581428571431
262.68800000000005,12.202497904761904
262.95299999999986,12.27978061904762
263.2181,12.060942476190476
263.4831000000001,11.943325714285715
263.7482,11.957638095238094
264.01320000000004,12.039863904761905
264.2782,11.977933142857145
264.5432,11.825968571428572
264.8082000000001,11.878533476190475
265.07319999999993,11.725787190476192
265.33820000000003,11.579286285714286
265.6031999999999,11.361749523809523
265.86819999999994,11.406244999999998
266.1332000000001,11.366691666666666
266.39810000000006,11.266770809523809
266.6630999999999,11.155659333333332
266.92810000000003,11.150194857142857
267.1930000000001,10.877230999999998
267.45790000000005,10.603487476190477
267.72289999999987,10.639916095238096
267.98779999999994,10.51995861904762
268.2527,10.184283380952381
268.5176000000001,9.730990714285715
268.78250000000014,9.51579576190476
269.0474000000001,9.492635571428572
269.3122999999999,9.290710809523812
269.5772,9.087743761904761
269.8419999999999,8.758313571428571
270.1068999999999,8.52568257142857
270.37179999999995,8.309705714285714
270.63659999999993,8.166067857142858
270.9014,7.963622142857141
271.1662999999999,7.703929333333333
271.4310999999999,7.557949571428571
271.6959,7.462711428571429
271.9606999999999,7.263648238095238
272.2255000000001,6.923028999999999
272.4903000000001,6.6883164285714285
272.7551,6.611032857142856
273.0199000000001,6.404163380952381
273.28470000000004,6.351600428571428
273.5495,6.165547761904761
273.8141999999999,6.056518285714286
274.079,6.133021142857142
274.34370000000007,5.970647809523809
274.6085,5.858235761904762
274.8732,5.799427428571429
275.1379,5.6622949999999985
275.40260000000006,5.630809285714286
275.6674,5.408847285714286
275.9321,5.360967952380953
276.1968,5.140827523809524
276.4614000000001,5.175435952380953
276.7260999999999,5.177517476190475
276.99079999999987,5.109341761904761
277.2555000000001,5.05886023809524
277.5201,4.982357571428572
277.7848000000001,5.036481857142857
278.04939999999993,5.137444666666666
278.3140999999999,5.195472285714286
278.5787,5.303720999999999
278.8433000000001,5.101795380952382
279.1079,4.919646142857142
279.3725000000001,4.827530666666666
279.6371,4.853551904761905
279.90170000000006,4.67530580952381
280.1662999999999,4.478324285714287
280.4309,4.447098666666666
280.6954999999999,4.44657819047619
280.96,4.289669571428572
281.2245999999999,4.461410285714287
281.4890999999999,4.488212476190477
281.7537000000001,4.565495666666667
282.0182000000001,4.5561280476190475
282.28269999999986,4.50512619047619
282.54730000000006,4.532969
282.8118000000001,4.488472476190475
283.0763,4.407546142857143
283.3408,4.374759333333333
283.60530000000006,4.41977619047619
283.8697000000001,4.257403190476191
284.13420000000013,4.0791569999999995
284.3987,4.101014857142858
284.6632,4.280562095238095
284.9276,4.4658339047619044
285.1921000000001,4.477023095238095
285.4565000000001,4.486651095238095
285.7209,4.429143857142858
285.9853,4.321935952380953
286.2497999999999,4.230601095238095
286.5141999999999,4.1777778095238105
286.7785999999999,4.27301580952381
287.04299999999995,4.174655142857143
287.3074,4.0606817047619055
287.57170000000013,4.026593961904762
287.8361000000001,3.9922456761904757
288.1005000000001,4.0167057095238095
288.3648,3.97429089047619
288.6292,3.9183450095238093
288.8935000000001,4.010460519047619
289.15790000000004,3.9893831619047626
289.4222,3.969346833333332
289.6864999999999,4.134322142857143
289.9507999999999,4.210044190476191
290.21510000000006,4.139786666666667
290.47940000000006,4.165027285714286
290.7437,4.327140142857142
291.0079999999999,4.369815142857142
291.2722999999999,4.512151857142857
291.5366000000001,4.600364238095238
291.8008,4.739578333333334
292.0650999999999,4.768201952380953
292.32930000000005,4.834556380952382
292.59360000000004,4.7775696666666665
292.8577999999999,4.70549057142857
293.12200000000007,4.602445952380953
293.38630000000006,4.493676714285714
293.65049999999997,4.574342761904762
293.91470000000004,4.567057047619047
294.17889999999994,4.460369380952382
294.44310000000013,4.434348142857143
294.70719999999994,4.52230019047619
294.9714000000001,4.5139734761904755
295.2356,4.571740857142858
295.4997000000001,4.728128857142858
295.7639,4.6742649047619045
296.02800000000013,4.875930238095239
296.2921999999999,4.989383333333333
296.5563000000001,4.933697714285714
296.8203999999999,4.784855571428571
297.0845,4.764038523809524
297.34860000000003,4.6383555238095235
297.61269999999996,4.6271662380952385
297.8768,4.676606952380952
298.14090000000004,4.7047098571428565
298.40499999999986,4.6120739523809515
298.6691,4.695602523809524
298.9331000000001,4.701066904761905
299.1971999999999,4.8028103333333325
299.46119999999996,4.810356571428571
299.7253,4.829352047619048
299.98930000000007,4.970387809523809
300.2533999999999,5.116887952380954
300.51739999999995,5.064324714285714
300.78139999999996,4.970908095238095
301.0454,4.886338857142858
301.30940000000004,4.825448809523808
301.5734000000001,4.904553714285714
301.83740000000006,4.978194238095236
302.10130000000004,5.0848815714285704
302.3653000000001,5.189227190476192
302.6292999999999,5.050013000000001
302.8932000000001,5.021389666666667
303.15719999999993,5.122872857142858
303.4210999999999,5.26312780952381
303.6850000000001,5.386729095238095
303.94890000000004,5.488212428571428
304.2129000000001,5.571220428571429
304.4768000000001,5.707832476190477
304.74070000000006,5.698204571428571
305.0046000000001,5.606089047619048
305.2685000000001,5.587873952380953
305.53229999999996,5.664897285714286
305.7961999999999,5.502003476190477
306.0600999999999,5.543117380952381
306.32390000000004,5.500442428571429
306.58780000000013,5.572261238095239
306.8516,5.470517761904761
307.11549999999994,5.457246952380952
307.3792999999999,5.439812714285715
307.6431000000001,5.270934142857142
307.9069,5.19339057142857
308.17069999999995,5.337548761904761
308.43450000000007,5.461410428571429
308.6983,5.460629761904762
308.96209999999996,5.507988523809523
309.2259000000001,5.548581761904763
309.48959999999994,5.678428380952381
309.7533999999999,5.612073999999998
310.0171,5.615716952380952
310.28089999999986,5.534790571428571
310.54460000000006,5.597762238095238
310.80839999999995,5.6055685238095245
311.07210000000003,5.72474619047619
311.33579999999995,5.777049333333333
311.59950000000003,5.796565190476191
311.8631999999999,5.739838714285714
312.1269000000001,5.748946142857143
312.39059999999995,5.625344857142856
312.65430000000003,5.633931809523811
312.9179000000001,5.695081952380953
313.18159999999995,5.69274
313.44530000000003,5.6807700952380955
313.7088999999999,5.647462857142858
313.97249999999997,5.620140571428571
314.23620000000005,5.537913190476192
314.4997999999999,5.520478761904763
314.76339999999993,5.377101285714286
315.027,5.468956476190476
315.29060000000004,5.501743428571429
315.55419999999987,5.742180571428571
315.8177999999999,5.75623219047619
316.0814,5.664636952380952
316.34500000000014,5.606869714285715
316.60859999999985,5.7822534761904745
316.8720999999999,5.93135580952381
317.13569999999993,5.8972677142857135
317.39919999999995,5.930575095238094
317.6626999999999,5.869685047619048
317.9263,5.927973000000001
318.18980000000005,5.9352589047619055
318.45330000000007,5.940723428571429
318.71680000000003,6.139005999999999
318.98030000000006,6.035961523809523
319.2438000000001,5.969086619047619
319.5073000000001,6.000052095238097
319.7708000000001,6.167629428571427
320.0342,6.139006
320.2977,6.196252952380953
320.56120000000004,6.140307095238096
320.8246,6.327920904761903
321.0881,6.424980428571427
321.3514999999999,6.550663476190476
321.61489999999986,6.480926333333333
321.8783000000001,6.505646714285715
322.14170000000007,6.493676857142857
322.4051,6.488212238095238
322.6684999999999,6.33286480952381
322.93189999999987,6.298256523809523
323.19530000000003,6.284985571428572
323.4587000000001,6.1210511428571435
323.7221,6.04168619047619
323.98539999999986,6.228779619047619
324.2488000000001,6.10179538095238
324.5121,5.836638047619048
324.77540000000016,5.739058095238095
325.03880000000004,5.757012761904763
325.30209999999994,5.851730476190475
325.5654000000001,5.872287285714285
325.8287,6.00707776190476
326.0919999999999,5.957897476190476
326.35530000000006,6.0570387142857145
326.6185999999999,5.87749161904762
326.88190000000003,5.89830857142857
327.14509999999996,5.923028999999999
327.40840000000003,5.984178999999999
327.67169999999993,6.113765380952381
327.9349000000001,6.29981780952381
328.1980999999999,6.124954476190477
328.4614000000001,6.248295476190476
328.72459999999984,6.343793952380953
328.98779999999994,6.464012428571428
329.2510000000001,6.506427333333335
329.5141999999999,6.726307523809523
329.7774,6.8085349523809535
330.04060000000004,6.8314337142857156
330.30379999999997,6.806193095238094
330.567,6.929534190476188
330.8301000000001,7.104397571428571
331.09330000000017,7.1410877142857165
331.35639999999995,7.0338799523809525
331.6196,6.863700142857143
331.88270000000006,6.898308619047617
332.1458000000001,6.880614047619048
332.4089000000001,6.9878219999999995
332.6720999999999,6.964402857142858
332.93519999999995,6.86291957142857
333.1983,6.763778333333333
333.4614000000001,6.912620380952381
333.7244,7.009419761904762
333.98750000000007,6.963622333333332
334.2506000000001,6.937861047619047
334.5136000000001,7.006817666666667
334.77670000000006,6.83455642857143
335.03970000000004,6.818163
335.3028000000001,6.856674428571428
335.5658000000001,6.792141619047618
335.8288000000001,6.712516333333333
336.09180000000003,6.64460061904762
336.3548,6.591517047619047
336.6178,6.496799380952382
336.88079999999997,6.378142095238094
337.14379999999994,6.230340809523809
337.40679999999986,6.0271141904761905
337.66979999999995,6.055477476190476
337.93270000000007,6.087223523809523
338.1957000000001,5.946968428571429
338.4586,5.797085666666668
338.72159999999997,5.917824619047619
338.9845000000002,5.863960428571428
339.2474000000001,5.85094980952381
339.5103,5.91496219047619
339.77329999999995,6.025813095238096
340.0362000000002,5.788498619047617
340.299,5.711475285714285
340.5618999999999,5.932396571428573
340.82480000000004,5.945927714285714
341.0877,5.888160380952381
341.3505999999999,5.9422846666666675
341.6134000000001,5.813999380952381
341.87629999999996,5.734634428571427
342.1391000000001,5.761696571428572
342.4018999999999,5.686755142857142
342.6648000000002,5.762997523809524
342.9276,5.829091952380954
343.1904000000002,5.859797095238095
343.4532,5.8306530952380955
343.7160000000001,5.70523038095238
343.9787999999999,5.62898780952381
344.24160000000006,5.714077523809523
344.50429999999983,5.704189333333334
344.7671,5.660994095238094
345.0298999999998,5.62768661904762
345.2925999999999,5.576684904761905
345.55540000000013,5.4075460952380965
345.8181000000002,5.343273333333333
346.08079999999995,5.217070047619048
346.3436000000001,5.465053333333333
346.60630000000015,5.389331238095239
346.8689999999999,5.14473057142857
347.13169999999997,5.00343480952381
347.3944000000001,5.048191666666667
347.6570000000001,5.122352333333334
347.91970000000015,5.115846904761905
348.1823999999999,5.111163190476191
348.44509999999997,5.110642666666666
348.7077,5.089565333333333
348.9704000000001,5.043247523809522
349.2330000000001,5.1811605714285704
349.49560000000014,5.148373619047618
349.7582000000001,5.166068285714285
350.0208999999998,5.139005952380951
350.28349999999983,5.153578
350.54609999999985,5.081498761904761
350.8086999999998,5.211865666666666
351.07129999999984,5.177257380952381
351.3338000000001,5.132500714285716
351.59640000000013,5.09555038095238
351.85900000000015,4.9347384285714275
352.12150000000014,4.916003
352.3841000000001,4.711995904761904
352.6466,4.746864523809524
352.9090999999999,4.859536809523809
353.17169999999993,4.82779080952381
353.4341999999999,5.2136871904761914
353.6967000000002,5.256362238095238
353.9592000000001,5.173093857142859
354.2217,5.135883476190475
354.48419999999993,5.311267285714285
354.7466999999999,5.1840228095238094
355.0091000000001,5.316731761904762
355.2716,5.395576285714285
355.5340999999999,5.522820666666666
355.79650000000015,5.496539238095238
356.05900000000014,5.789019095238094
356.32139999999987,6.061202238095238
356.5838000000001,5.954514714285714
356.8462,5.996409095238095
357.10859999999985,6.017226142857142
357.37110000000007,6.048711952380953
357.63349999999997,6.203018571428572
357.8958000000001,6.169971333333334
358.1581999999999,6.119229666666666
358.42060000000015,5.999011190476192
358.683,6.044028095238095
358.9453000000001,5.7916210476190475
359.2077,5.639656476190477
359.47000000000014,5.6914390952380955
359.7323999999999,5.778090095238095
359.99470000000014,5.7023679523809525
360.25699999999983,5.839760619047619
360.5193,5.694821761904762
360.78160000000014,5.740098857142858
361.0438999999999,6.014624095238094
361.3062,6.159823095238094
361.5685000000001,6.068228047619046
361.83079999999995,6.120010380952381
362.0929999999999,6.227478523809524
362.3553000000001,6.096070714285714
362.6175999999998,6.131719952380952
362.87979999999993,6.400260238095238
363.1419999999999,6.437470666666666
363.4043000000001,6.425500952380952
363.66650000000004,6.5111111428571435
363.92870000000016,6.543117333333333
364.19089999999983,6.5092896666666675
364.45309999999995,6.548581761904759
364.7152999999999,6.427062238095239
364.9775,6.389851666666668
365.2397,6.530627142857143
365.5018,6.376841
365.76400000000007,6.306062904761905
366.02620000000013,6.385688380952381
366.2883000000001,6.3794430476190485
366.55050000000006,6.371896904761906
366.8126000000001,6.2064011428571435
367.07470000000006,6.221233476190476
367.3368,6.085922428571429
367.5989,6.053916333333333
367.86099999999993,6.179339000000001
368.1230999999999,6.264428857142856
368.38519999999994,6.5275045714285715
368.64729999999986,6.571480571428571
368.9094000000002,6.485089761904762
369.1714000000001,6.4957585714285715
369.43350000000004,6.225917238095238
369.69549999999987,6.113505095238096
369.95759999999996,6.210044190476191
370.2196000000001,6.238667761904762
370.4816,6.271975095238095
370.7437,6.238407333333335
371.00569999999993,6.224876523809523
371.2677000000001,6.169450952380952
371.5297,5.941243857142857
371.7916999999999,5.9618007142857135
372.05360000000013,5.7947437142857146
372.31559999999996,5.680510047619048
372.57759999999985,5.843663761904761
372.8395,6.037522809523809
373.1014999999999,6.005256428571429
373.3634000000001,5.997189761904762
373.62539999999996,5.915482619047619
373.8873000000001,5.86239919047619
374.1491999999999,5.949570714285714
374.4111000000001,6.157220952380951
374.6729999999999,6.192609952380955
374.93490000000014,6.460109285714284
375.1967999999999,6.485610142857144
375.4587000000001,6.318293047619048
375.7205999999999,6.178558380952381
375.9823999999999,6.112724428571428
376.2443000000001,5.972989809523808
376.50609999999983,6.088004047619048
376.768,6.096330952380953
377.02980000000014,5.7666405238095235
377.2916000000002,5.652146904761905
377.5535,5.704189428571429
377.8153000000001,5.653708142857143
378.07710000000014,5.594119238095238
378.3388999999999,5.566276333333334
378.6007,5.521519619047619
378.8624,5.334426238095239
379.1242000000001,5.370075476190476
379.3860000000002,5.45776738095238
379.6476999999998,5.376060380952381
379.90949999999987,5.342232571428572
380.1711999999999,5.412230000000001
380.433,5.4512620952380955
380.6947,5.656570285714285
380.9564,5.8686441428571445
381.2181,5.771584761904762
381.4798,5.745303142857143
381.74150000000003,5.976893047619046
382.00320000000005,6.038043142857142
382.26490000000007,5.926671761904761
382.5266000000001,5.857194904761904
382.7883000000001,5.931876047619047
383.0499,5.925891285714285
383.3116,5.935258999999999
383.5731999999999,6.058860285714286
383.83479999999986,6.032838952380951
384.0964999999999,6.023991714285715
384.35810000000015,6.029716380952381
384.61970000000014,6.0606818095238095
384.8813,6.157741428571429
385.1428999999999,6.154878904761905
385.40449999999987,6.146031761904761
385.66610000000014,6.172313333333332
385.92770000000013,6.2415300476190465
386.1891999999999,6.218891571428571
386.45079999999984,6.093989047619047
386.7124000000001,6.079937523809524
386.9739,6.01618519047619
387.23539999999986,6.220713047619049
387.4970000000001,6.598542952380952
387.75849999999997,6.703929095238095
388.02000000000015,6.718501142857143
388.2815,6.88139480952381
388.5429999999999,6.806193142857142
388.80450000000013,6.652927333333333
389.06599999999986,6.711475333333334
389.3275000000001,6.529326095238095
389.5888999999999,6.690398238095239
389.8504000000001,6.710955
390.1117999999999,6.74296119047619
390.3733000000001,6.81530061904762
390.63469999999984,6.714858238095238
390.8962000000001,6.582669857142858
391.1576000000002,6.676346571428572
391.419,6.814259714285713
391.68040000000013,6.917043904761905
391.94179999999983,7.071350476190474
392.20320000000004,6.995628476190475
392.46460000000013,6.8839968095238095
392.7259999999999,6.757012761904762
392.9872999999999,6.734374238095238
393.2487,6.685974476190477
393.5100000000001,6.587093428571428
393.7713999999999,6.652146714285715
394.03269999999986,6.681550857142857
394.2941,6.646682285714286
394.55540000000013,6.695862571428573
394.8167000000001,6.762997571428572
395.0779999999998,6.855113238095238
395.3392999999999,6.860317619047619
395.6005999999999,6.881654952380953
395.8619,6.867863714285717
396.1232,6.762737476190476
396.38439999999997,6.698204571428572
396.6457,6.632370476190475
396.90690000000006,6.605568619047618
397.16819999999996,6.595160000000001
397.42940000000004,6.694821714285715
397.69070000000005,6.567837476190476
397.9519,6.499922047619048
398.2131,6.6435598095238095
398.47429999999997,6.788238380952381
398.7354999999999,6.790580285714286
398.99669999999986,6.846005619047618
399.25789999999984,6.82909180952381
399.5190999999998,6.708873095238097
399.7802000000001,6.59594061904762
400.04139999999995,6.579547238095238
400.3024999999999,6.489253142857143
400.5636999999999,6.421857952380952
400.82480000000004,6.428623523809524
401.0860000000001,6.691439095238095
401.3471,6.826229476190476
401.6081999999999,6.677127142857142
401.8693000000001,6.499661619047619
402.1304,6.6224823809523805
402.3914999999999,6.767941904761906
402.6526000000001,6.953994333333334
402.9137,6.9230290000000005
403.17469999999986,6.832474666666666
403.4358000000001,6.578506285714287
403.6967999999999,6.568357999999999
403.9579000000001,6.631850190476192
404.21889999999996,6.5048660000000025
404.47999999999985,6.469997428571428
404.741,6.520478714285715
405.0020000000001,6.6729638571428564
405.263,6.687795952380952
405.5240000000001,6.609471666666666
405.78499999999997,6.793442761904761
406.0460000000001,6.873588428571429
406.3069999999999,6.780431952380954
406.5679,6.769242761904762
406.82890000000015,6.678168095238096
407.0897999999999,6.618579380952383
407.35080000000005,6.491074666666667
407.61170000000016,6.360187190476192
407.8727,6.3255790476190485
408.13360000000006,6.599063285714284
408.39450000000005,6.71720019047619
408.65539999999993,6.842622904761904
408.9162999999999,6.978194190476191
409.17719999999997,7.129638285714285
409.4381000000001,7.253499857142858
409.69899999999984,7.283684523809525
409.95979999999986,7.55222480952381
410.22069999999997,7.564194666666666
410.4815,7.631069571428573
410.7424,7.539214142857144
411.0032,7.370856190476191
411.264,7.194171285714287
411.5249000000002,7.182982000000002
411.7857000000002,7.298777047619048
412.0465000000002,7.344314333333334
412.3073000000002,7.311527571428572
412.56810000000024,7.539214047619047
412.82890000000015,7.5660161428571415
413.08960000000013,7.718240952380953
413.35040000000004,7.6479833809523825
413.61120000000005,7.600884666666667
413.8719,7.618579238095238
414.1327,7.651626333333334
414.39340000000004,7.62222219047619
414.6540999999999,7.8327348571428566
414.9148999999999,7.826750047619048
415.1755999999998,8.066146190476191
415.4363000000001,8.153057714285715
415.697,8.27041357142857
415.95770000000005,8.373978238095239
416.21839999999986,8.37137657142857
416.47900000000004,8.440853619047617
416.73969999999997,8.36252923809524
417.0004,8.148373714285714
417.26100000000025,8.097892285714286
417.5217000000001,8.384907666666667
417.78229999999996,8.490294285714286
418.0429000000002,8.577986142857142
418.3035,8.620400761904765
418.5641999999999,8.62664619047619
418.82480000000015,8.724486047619047
419.08540000000005,8.571220619047617
419.3459000000001,8.719281857142855
419.6065,8.872287000000002
419.86710000000016,8.678948809523812
420.12770000000006,8.557168714285714
420.3882000000001,8.571480523809523
420.64880000000005,8.50824857142857
420.90930000000003,8.38178519047619
421.1699,8.397657714285714
421.4304000000001,8.33806880952381
421.6908999999998,8.347957333333332
421.95140000000004,8.230080666666668
422.2119000000001,8.18194119047619
422.4723999999999,8.290190047619046
422.7328999999999,8.340411476190477
422.99340000000007,8.307103523809523
423.2538999999999,8.397397904761906
423.51429999999993,8.642778619047618
423.7748,8.601925476190477
424.0352000000001,8.509029333333336
424.2956999999999,8.48326819047619
424.5560999999999,8.64694280952381
424.8166,8.696122904761904
425.0770000000001,8.584751523809523
425.3374000000002,8.556127999999998
425.59779999999984,8.567577095238095
425.8581999999999,8.52828519047619
426.1185999999999,8.588654714285713
426.379,8.674004714285713
426.63929999999993,8.81920380952381
426.89970000000005,8.863700428571427
427.15999999999997,9.037002190476192
427.4203999999999,9.103095809523811
427.6807,9.093468285714286
427.9411,9.146030904761904
428.20140000000004,9.17933942857143
428.46169999999995,8.940723666666669
428.72199999999987,8.929273857142858
428.98229999999984,8.776788904761904
429.24259999999975,8.850689952380952
429.5029000000002,8.837679285714287
429.7632000000001,8.88139423809524
430.0235000000001,8.887119428571427
430.28370000000007,8.918084666666665
430.544,8.871506761904762
430.8041999999998,9.025813238095239
431.06450000000024,9.023211190476193
431.3247,9.161123285714284
431.58489999999995,9.111424476190475
431.8451000000002,9.090346380952381
432.1054000000002,9.256881904761904
432.3656,9.201716714285714
432.6257999999999,9.252199285714287
432.8859000000001,9.15644
433.14610000000005,9.03127714285714
433.40629999999993,8.995107333333333
433.6665,9.042206571428572
433.9265999999999,9.03075723809524
434.1868000000001,8.844183476190478
434.4469,8.776268333333334
434.70700000000016,8.737496761904762
434.96709999999996,8.77210504761905
435.2273000000002,8.734114047619048
435.4874,8.571480285714285
435.7475000000001,8.749206190476189
436.0076,8.830132523809523
436.26770000000016,8.940463095238094
436.5276999999999,8.953213333333332
436.78779999999995,9.016185285714284
437.04789999999986,9.194171142857144
437.3078999999999,9.380744761904761
437.5680000000001,9.551964333333332
437.8279999999998,9.638615904761906
438.0879999999999,9.871246238095237
438.34800000000007,9.937860047619049
438.6081000000001,10.071870714285714
438.86809999999986,10.38126495238095
439.1281,10.461670142857141
439.3881,10.383866904761906
439.648,10.51007014285714
439.9080000000001,10.608952142857143
440.16799999999984,10.606609428571428
440.42789999999997,10.631850333333333
440.6879,10.767680714285719
440.94780000000003,10.934738476190475
441.2078,11.044287285714285
441.46770000000004,11.149935095238096
441.72760000000005,11.035439238095236
441.98750000000007,11.31673057142857
442.2474000000001,11.328180571428572
442.5073000000001,11.458028571428569
442.7672000000001,11.64668342857143
443.02710000000013,11.70522904761905
443.2870000000001,11.685975333333333
443.5469,11.626124952380954
443.8067,11.723966761904764
444.0666,11.855374666666668
444.32640000000004,11.923029809523808
444.5861999999999,11.96752523809524
444.84609999999986,12.06822761904762
445.1059000000002,12.174656190476188
445.3657000000001,12.422899047619048
445.6255,12.518397142857147
445.88530000000003,12.62144142857143
446.1450999999999,12.86838523809524
446.4048999999998,12.969347619047618
446.66459999999995,12.957637142857141
446.9244,13.077856190476192
447.18419999999986,13.095550952380952
447.4439000000001,13.305542857142857
447.70359999999994,13.403382857142859
447.9633999999999,13.36643285714286
448.22310000000004,13.493677142857145
448.4827999999999,13.604009047619048
448.7425000000001,13.833775238095235
449.0022,14.18246238095238
449.26190000000014,14.231642857142855
449.5215999999999,14.346916666666662
449.78129999999993,14.307883809523808
450.04100000000005,14.446057619047613
450.30059999999986,14.550404285714286
450.5603,14.798907619047615
450.81990000000025,15.02477285714285
451.0796000000001,15.055217142857149
451.3392000000002,15.170231428571428
451.59879999999987,15.360188095238097
451.85839999999996,15.610251904761904
452.1180000000002,15.788498095238097
452.3775999999999,15.942284761904762
452.6372,15.966483333333334
452.89680000000016,15.924851428571433
453.15639999999996,15.822846666666667
453.41600000000005,15.814261428571431
453.6755,15.987301428571433
453.9351,16.121572857142855
454.1945999999999,16.26625095238095
454.45410000000004,16.35133952380952
454.71370000000013,16.26234666666667
454.9732000000002,16.40780619047619
455.2327000000003,16.448921428571428
455.49219999999997,16.43747142857143
455.7517,16.43070619047619
456.01120000000014,16.66255619047619
456.2706999999998,16.663595714285712
456.5301999999999,16.580848095238096
456.78959999999995,16.867343333333334
457.04910000000007,17.09060571428571
457.30849999999987,17.11116428571429
457.568,17.230600476190478
457.8274,17.065105714285714
458.0867999999998,17.064064285714284
458.3462999999999,17.25818333333333
458.60569999999996,17.43070523809524
458.8650999999999,17.814
459.1245,17.97793476190476
459.3837999999998,18.240489523809526
459.64320000000026,18.539475238095235
459.90260000000006,18.776528571428578
460.1620000000001,18.945147142857145
460.4213,19.090867142857142
460.6807000000001,19.196253809523807
460.9399999999999,19.408066666666667
461.1993000000001,19.371377142857142
461.4586999999999,19.37866238095238
461.7180000000001,19.518918095238103
461.9773000000003,19.499662380952383
462.23660000000007,19.607910952380955
462.4959,20.009680952380954
462.7551999999998,20.067186666666665
463.0144,20.168151428571427
463.2736999999999,20.23788857142857
463.5330000000001,20.44605761904762
463.7922,20.763777619047616
464.05149999999975,20.971689999999995
464.3107,21.198334761904757
464.56990000000025,21.47311904761905
464.8292,21.58631285714286
465.0883999999999,21.739578571428567
465.34759999999983,21.99042380952381
465.60679999999974,22.345354285714286
465.866,22.667759047619047
466.1251,23.055998095238095
466.3842999999999,23.13119904761905
466.6435,23.28654666666667
466.90260000000006,23.699505238095238
467.16179999999997,23.897787619047627
467.42089999999985,24.01540428571429
467.68009999999975,24.16398571428571
467.9392,24.29097000000001
468.1983,24.55248476190476
468.4574,24.844444285714285
468.7165000000003,25.29305238095238
468.9755999999999,25.643038571428573
469.23470000000003,25.790839999999996
469.4938000000001,25.992766190476193
469.7529000000001,26.08618142857143
470.01190000000014,26.271715238095236
470.271,26.430446666666665
470.53,26.81842285714286
470.7891000000001,26.99354666666666
471.0481,27.308664761904758
471.3071,27.86812380952381
471.5661,28.33312476190476
471.8252,28.596200000000003
472.0842,28.88816
472.34309999999994,29.26937428571429
472.60209999999995,29.478584285714287
472.86109999999996,29.636272380952374
473.1201,30.152277619047624
473.37900000000013,30.725526666666664
473.63800000000015,31.22825857142856
473.8968999999999,31.750508095238107
474.15589999999986,32.008899523809525
474.4148000000003,32.39765857142857
474.6737,32.81660142857144
474.9326,33.329221904761916
475.19150000000013,33.68103095238096
475.4503999999999,34.03492095238095
475.70930000000027,34.525682857142854
475.9682,35.06536571428571
476.22709999999995,35.575122380952386
476.48589999999984,36.03674142857142
476.7448000000002,36.55820952380953
477.0037,36.98287952380953
477.26250000000005,37.60010476190476
477.52130000000017,37.99770904761905
477.7801999999999,38.49940142857144
478.039,38.897526190476185
478.2978000000001,39.14342904761904
478.5566,39.823107142857154
478.8154000000001,40.554827142857135
479.07419999999996,41.11402476190476
479.33290000000005,41.607911428571434
479.5917000000002,42.20458
479.8505000000003,42.763777619047616
480.1092000000001,43.26546857142856
480.3680000000002,43.743481428571435
480.6267,44.30554238095239
480.8853999999999,44.836377619047624
481.1442,45.32271809523809
481.4028999999998,45.89570619047619
481.6616000000001,46.66854047619048
481.9202999999999,47.18792619047618
482.179,47.91314095238095
482.43770000000023,48.642259523809535
482.6962999999998,49.26495000000001
482.95500000000004,49.94072285714286
483.21370000000013,50.694561904761905
483.47229999999996,51.40936761904762
483.7309999999999,52.318291428571435
483.9896000000001,53.29643476190476
484.2482,54.12963809523809
484.5067999999999,54.74009857142858
484.7654999999997,55.72162285714286
485.02410000000003,56.48717190476191
485.28269999999986,57.22045380952382
485.54119999999983,58.05079476190475
485.7998,58.92016523809523
486.0584,59.87645047619047
486.3169999999998,60.64277904761903
486.57550000000015,61.66359523809524
486.8340999999999,62.619360000000015
487.09260000000006,63.356284285714274
487.3511,64.18194095238094
487.6097000000002,65.25479952380954
487.8682000000001,66.3555057142857
488.1267,67.4434580952381
488.3852,68.52646333333335
488.6437,69.72604857142858
488.9022000000003,70.67270333333333
489.16059999999993,71.53583380952381
489.41909999999984,72.48482952380952
489.67759999999976,73.66411714285715
489.93599999999986,74.95373095238095
490.1944999999998,75.98522047619046
490.4529000000001,76.75727238095239
490.71130000000016,77.73801285714285
490.9696999999998,79.02529333333334
491.22819999999973,80.24386904761907
491.48660000000007,81.36590904761904
491.7450000000001,82.44996190476188
492.0033999999998,83.65891380952382
492.2616999999998,84.77210523809521
492.5200999999999,85.92121
492.7785000000002,87.28342523809522
493.03679999999997,88.48222857142856
493.2952000000003,89.87567571428569
493.5535,91.23137857142858
493.8118,92.7395795238095
494.0702,94.20145904761904
494.3284999999998,95.51553952380955
494.5867999999998,96.79240190476192
494.8451000000003,98.31490952380955
495.1034000000001,99.77001952380954
495.3617,101.16034714285713
495.6200000000001,102.65500571428572
495.8781999999999,104.21941904761904
496.1365,105.92537285714285
496.39470000000006,107.41925809523809
496.65300000000013,108.98235904761907
496.9112000000003,110.53635571428573
497.1694,112.07603523809522
497.4277000000001,113.39766095238093
497.68590000000023,115.07708619047621
497.9441,116.79059904761905
498.20230000000015,118.4874404761905
498.4604999999999,120.14030095238095
498.71869999999996,121.94123571428575
498.9768000000002,123.4733752380952
499.23500000000007,125.11350333333333
499.49309999999986,126.55586380952379
499.7513,128.01618047619044
500.00940000000014,129.7257842857143
500.2675999999999,131.54102857142857
500.52570000000003,133.1499333333333
500.7837999999999,135.0135857142857
501.04190000000006,136.91861428571428
501.29999999999995,138.88762857142856
501.5581000000001,140.805419047619
501.8162,142.8681142857143
502.0743000000001,144.8493952380952
502.3322999999999,146.81218571428573
502.5903999999998,148.77677619047617
502.84849999999994,150.84809047619044
503.1065,152.91184285714283
503.36449999999985,154.83350952380954
503.6226,156.8408142857143
503.88060000000024,158.86265714285716
504.1386000000001,160.88997142857144
504.3965999999999,163.13251428571425
504.65459999999996,165.1980619047619
504.9125999999998,167.57511904761904
505.1706,170.16372380952382
505.4285,172.48275238095238
505.6864999999999,174.70055238095236
505.9444999999998,177.15981428571428
506.2024,179.71979523809526
506.46040000000005,182.2358142857143
506.7183000000003,184.4861285714286
506.97619999999984,187.01619047619047
507.23409999999984,189.38021904761905
507.4920000000001,192.0713380952381
507.7499,194.62067142857143
508.0077999999999,197.5264619047619
508.26570000000004,200.07603809523806
508.5236000000003,202.76299999999998
508.7814999999998,205.60089047619053
509.0393000000002,208.38231428571427
509.2972000000002,211.1306857142857
509.5550000000001,213.96545714285716
509.8129000000001,216.8017761904762
510.0707000000001,219.71043809523812
510.3284999999998,222.61961904761904
510.58630000000016,225.55455238095237
510.84410000000014,228.55222857142863
511.10189999999983,231.6071238095238
511.3597000000002,234.56262857142858
511.6175000000001,237.61805238095235
511.87529999999987,240.58292857142848
512.1329999999999,243.7822476190476
512.3907999999998,247.12627142857136
512.6484999999999,250.56290000000007
512.9063,253.94435714285711
513.1640000000001,257.75129047619055
513.4217000000002,261.16061904761904
513.6794000000002,264.6851904761904
513.9370999999998,268.23555238095236
514.1947999999999,272.0924095238094
514.4525,275.6927380952381
514.7101999999998,279.53817142857145
514.9678999999999,283.47208095238096
515.2255999999999,287.2787476190476
515.4832,291.27066666666667
515.7409000000001,295.28601904761905
515.9984999999999,299.40702857142855
516.2561999999999,303.47078095238095
516.5138000000001,307.48248095238097
516.7713999999999,311.63705238095235
517.0290000000002,315.93031904761904
517.2866,320.27666666666664
517.5442000000002,324.3729476190475
517.8017999999998,328.61857619047623
518.0594,332.7908380952381
518.3169999999998,337.11688095238094
518.5745000000001,341.43721428571433
518.8320999999999,345.77601904761895
519.0895999999999,350.3588952380952
519.3472,354.9945904761905
519.6047,359.5894333333333
519.8621999999998,364.20509999999996
520.1196999999999,368.73151904761903
520.3772000000002,373.55691428571424
520.6347,378.5465047619048
520.8922000000001,383.1559095238095
521.1497,387.92459047619053
521.4071999999999,392.81763809523807
521.6646,397.7708095238094
521.9220999999999,402.9204142857144
522.1795000000001,408.0638238095239
522.437,413.35655238095234
522.6944000000001,418.3214047619048
522.9519,423.6237714285714
523.2093000000002,428.9165142857144
523.4667000000002,434.3354619047619
523.7241,439.8020142857143
523.9815,445.64564761904774
524.2389000000001,451.2142047619048
524.4961999999998,456.6573428571429
524.7536,462.3352047619048
525.0110000000002,468.12729047619047
525.2682999999998,473.8301333333334
525.5257,479.733338095238
525.783,485.7166809523809
526.0403,491.71720476190484
526.2976999999997,497.66881428571435
526.5550000000001,503.881642857143
526.8122999999998,509.8400238095238
527.0696000000002,516.2586904761906
527.3269,522.7317714285715
527.5841,529.0911238095238
527.8413999999999,535.5884047619047
528.0987000000002,541.880880952381
528.3559000000002,548.2136761904762
528.6131999999999,554.9014333333333
528.8703999999999,561.3058047619048
529.1275999999999,568.1486476190477
529.3849000000002,574.7793904761905
529.6421000000003,581.5108428571427
529.8993000000003,588.1004999999999
530.1565000000003,595.1163666666666
530.4136999999997,602.0978952380952
530.6708999999997,609.1324999999999
530.928,616.5342714285715
531.1852,623.6687952380953
531.4424,630.692223809524
531.6995000000001,638.166319047619
531.9567000000001,645.4510047619046
532.2137999999998,653.0411714285716
532.4709000000001,660.6646571428573
532.7279999999997,668.3430190476191
532.9851999999997,676.1200047619047
533.2423,684.1002238095236
533.4994,692.0435
533.7564000000001,700.1543809523811
534.0135000000002,708.3276428571431
534.2706,716.7658476190477
534.5276,725.2298285714287
534.7847,733.8155714285715
535.0416999999999,742.0999761904761
535.2988000000003,750.6240285714287
535.5558,759.286019047619
535.8127999999999,767.967019047619
536.0697999999999,776.6383476190477
536.3269,785.3534238095239
536.5838999999999,794.4536
536.8408,803.5740904761906
537.0977999999998,812.7609190476192
537.3547999999997,822.0750047619049
537.6118,831.4780904761905
537.8686999999998,840.9381333333334
538.1257000000003,850.8293476190477
538.3826000000003,860.7049666666665
538.6394999999999,870.5337571428572
538.8965000000002,880.540523809524
539.1533999999998,890.3846428571428
539.4102999999998,900.6261142857145
539.6672,911.0315571428573
539.9241000000001,921.4962904761904
540.1810000000003,931.9524047619049
540.4377999999999,942.4970714285714
540.6947,952.8551095238096
540.9516000000001,963.6133619047617
541.2083999999998,974.434338095238
541.4653,985.4317619047621
541.7220999999997,996.5925523809522
541.9789,1007.9063095238096
542.2356999999998,1018.7962952380949
542.4925000000001,1030.2506714285714
542.7492999999997,1041.5850142857144
543.0061,1053.0789333333332
543.2628999999998,1064.8692476190477
543.5197000000002,1076.7496714285712
543.7765,1088.755719047619
544.0332,1100.9337190476192
544.2900000000002,1112.767123809524
544.5467000000002,1125.0413952380954
544.8035,1137.4793857142856
545.0602,1150.0718619047616
545.3168999999999,1162.6325333333334
545.5735999999999,1175.3672095238096
545.8302999999999,1188.1943809523812
546.0869999999998,1201.148238095238
546.3437,1214.0775714285712
546.6003999999999,1226.9585714285715
546.8570999999998,1240.077
547.1137,1253.4629047619046
547.3703999999999,1266.5722857142857
547.6270000000002,1280.5117142857143
547.8837000000001,1294.0817142857143
548.1402999999998,1307.7066666666667
548.3968999999998,1321.4165714285718
548.6535000000001,1335.161142857143
548.9101000000003,1349.2238571428572
549.1666999999999,1363.401
549.4233000000002,1377.642523809524
549.6798999999997,1392.1875714285713
549.9364999999999,1406.676333333333
550.1931000000002,1421.3805238095238
550.4496,1436.135476190476
550.7062,1451.4899523809522
550.9627,1466.3632380952383
551.2191999999998,1481.954
551.4758,1497.568857142857
551.7322999999999,1513.2766190476193
551.9887999999997,1528.8279523809522
552.2453000000003,1544.5359523809523
552.5018,1560.140142857143
552.7582999999997,1575.8602380952382
553.0146999999998,1591.8511904761904
553.2711999999998,1607.7421904761902
553.5277,1623.988619047619
553.7841000000002,1640.0418571428575
554.0406000000002,1656.1943809523807
554.2970000000003,1672.8365714285715
554.5534000000001,1689.5465238095237
554.8097999999998,1706.4981904761905
555.0663000000002,1723.2017142857144
555.3227,1740.0788095238095
555.5791000000003,1757.225047619047
555.8354,1774.7542380952382
556.0918,1792.2717142857139
556.3482000000001,1810.642428571429
556.6046,1828.7673333333335
556.8608999999999,1846.7411904761907
557.1173,1864.5290476190473
557.3736000000002,1882.878476190476
557.6299,1901.297476190476
557.8862000000003,1920.1784761904764
558.1425999999998,1938.7161428571435
558.3989,1957.6006666666665
558.6551999999998,1976.807238095238
558.9114000000002,1995.8728095238093
559.1677,2015.3099523809524
559.4239999999998,2034.9815714285712
559.6803,2054.66080952381
559.9364999999999,2074.7684285714286
560.1928000000001,2095.020761904763
560.449,2114.985571428572
560.7052000000001,2135.392238095238
560.9614,2156.0992380952384
561.2176999999998,2177.0097142857144
561.4739000000002,2197.884
561.7301000000001,2218.990142857143
561.9863000000003,2240.268380952381
562.2423999999997,2261.9277619047625
562.4986000000002,2283.390666666666
562.7548,2305.2342380952377
563.0108999999999,2327.4938571428575
563.2671000000003,2349.558952380952
563.5231999999999,2372.1131428571425
563.7794,2395.0349523809523
564.0355,2418.074428571428
564.2916000000002,2441.2933809523806
564.5476999999997,2464.535857142857
564.8037999999999,2487.867380952381
565.0599000000001,2511.5021428571426
565.3160000000001,2535.1931904761905
565.5721,2559.1863333333336
565.8281000000001,2583.647952380952
566.0841999999999,2608.301571428571
566.3402,2632.605095238095
566.5962999999998,2657.4164761904767
566.8523000000002,2682.4079523809523
567.1083,2707.5171428571425
567.3644000000002,2733.5124761904767
567.6203999999999,2759.19080952381
567.8763999999998,2785.0913333333338
568.1324000000002,2812.0056190476193
568.3883,2838.830095238095
568.6443,2865.624571428571
568.9002999999999,2892.9699523809527
569.1562,2920.5722380952384
569.4122000000001,2948.180761904762
569.6681000000002,2976.063619047619
569.9241000000001,3003.9658095238096
570.1800000000001,3032.1085714285705
570.4359000000002,3060.654
570.6918,3089.826714285714
570.9477,3118.7478571428574
571.2036000000002,3147.4864285714284
571.4595000000003,3177.06319047619
571.7154000000003,3206.6872380952386
571.9712999999998,3235.6685238095233
572.2271,3265.232857142857
572.4830000000001,3295.7460000000005
572.7387999999997,3326.528571428572
572.9946999999999,3357.0153809523813
573.2505,3387.9164761904754
573.5063000000002,3418.7921428571435
573.7621,3451.215142857143
574.0179000000002,3483.021428571428
574.2736999999998,3515.2883809523814
574.5295,3547.5196666666666
574.7852999999998,3579.572523809524
575.0411000000001,3612.5053809523815
575.2968,3645.704904761905
575.5525999999998,3678.836714285714
575.8083,3711.5431428571424
576.0640999999998,3745.5188571428566
576.3197999999999,3779.6187142857143
576.5755000000003,3813.829190476189
576.8312,3848.4424761904756
577.0869000000001,3882.8403809523816
577.3426,3917.411714285714
577.5982999999999,3952.3062857142863
577.8539999999999,3987.3500952380937
578.1097000000002,4023.8391904761907
578.3653,4059.849380952381
578.6209999999998,4095.794666666667
578.8765999999998,4131.740857142857
579.1322999999999,4168.041047619047
579.3878999999998,4205.155095238095
579.6435,4241.70838095238
579.8991,4278.543142857142
580.1546999999998,4315.553333333334
580.4102999999998,4352.909476190475
580.6659,4390.182380952381
580.9215000000002,4427.921142857142
581.1771000000002,4466.23319047619
581.4327,4504.0542857142855
581.6882000000003,4541.789714285713
581.9438000000002,4580.120952380952
582.1993000000001,4618.547428571428
582.4547999999998,4656.181142857143
582.7104,4694.9245238095245
582.9658999999998,4733.239904761904
583.2214000000001,4771.240761904761
583.4768999999999,4810.466285714285
583.7324000000002,4849.169761904761
583.9878000000002,4888.370761904762
584.2433,4927.444047619048
584.4988,4966.752904761905
584.7542,5005.8932380952365
585.0097,5044.9898095238095
585.2651000000001,5084.74219047619
585.5206,5124.258666666667
585.776,5164.064285714287
586.0314,5203.522476190476
586.2868,5242.681809523809
586.5422,5282.641952380952
586.7976,5323.821523809524
587.053,5364.212666666667
587.3084,5404.66161904762
587.5637000000002,5445.0175238095235
587.8191000000002,5485.574476190475
588.0743999999997,5526.106999999999
588.3297999999998,5567.4595714285715
588.5851000000001,5608.587809523809
588.8404000000003,5649.7087619047625
589.0957999999998,5691.219571428571
589.3511,5731.720761904762
589.6064000000001,5773.070666666667
589.8616999999999,5813.613333333333
590.1169000000002,5855.221
590.3721999999999,5896.7234285714285
590.6275000000003,5937.903714285715
590.8827,5979.207428571428
591.1380000000003,6020.402999999999
591.3932000000002,6062.406190476191
591.6484999999999,6103.966523809522
591.9037000000002,6146.680761904762
592.1589000000001,6187.985761904762
592.4141,6229.6867619047625
592.6692999999998,6271.407809523809
592.9244999999997,6313.622666666665
593.1797000000001,6356.276857142856
593.4349000000001,6398.4130952380965
593.6900000000003,6440.396047619048
593.9452,6483.0640952380945
594.2003999999998,6525.107476190476
594.4555,6567.825142857143
594.7106000000001,6610.757095238097
594.9658,6652.517333333333
595.2209000000001,6696.137285714286
595.4760000000001,6739.2079523809525
595.7311000000002,6781.9905714285715
595.9861999999999,6825.521571428573
596.2412999999999,6869.330952380951
596.4963000000001,6912.215047619048
596.7513999999998,6955.359428571429
597.0064999999997,6999.432904761906
597.2615000000001,7044.533952380952
597.5166000000003,7088.072904761904
597.7716,7132.433809523809
598.0265999999998,7177.807142857145
598.2816000000001,7221.878190476191
598.5367000000001,7266.4629047619055
598.7916999999999,7312.038095238093
599.0467000000002,7356.277714285716
599.3016000000001,7400.967333333337
599.5566,7446.110904761906
599.8116000000002,7491.292095238096
600.0665000000002,7537.03566666667
600.3215,7581.353095238094
600.5764,7627.559999999996
600.8313999999998,7673.344571428572
601.0863000000003,7720.06142857143
601.3412000000002,7765.411
601.5961000000001,7811.605047619049
601.8510000000001,7858.574999999999
602.1059000000002,7905.124285714288
602.3608000000002,7950.844476190475
602.6157000000001,7996.53585714286
602.8706000000001,8042.404380952379
603.1254000000002,8088.844190476189
603.3803000000001,8134.464476190476
603.6350999999997,8179.958571428573
603.8899999999999,8225.558142857142
604.1448,8271.668142857141
604.3996000000001,8318.328095238094
604.6543999999999,8363.812857142859
604.9092,8410.23633333333
605.1640000000001,8456.91514285714
605.4187999999999,8504.18323809524
605.6736,8551.340857142859
605.9282999999998,8597.746666666668
606.1831000000001,8643.69842857143
606.4377999999999,8690.281095238095
606.6926000000001,8736.922809523807
606.9472999999999,8784.376952380951
607.2021000000002,8831.011190476192
607.4568,8875.612809523811
607.7114999999999,8921.377952380954
607.9662000000002,8967.701047619046
608.2209000000001,9014.949333333334
608.4755999999999,9060.464523809524
608.7302,9106.91876190476
608.9848999999999,9153.621619047619
609.2396000000002,9199.237333333333
609.4941999999998,9245.87995238095
609.7489000000003,9293.185
610.0035000000001,9338.812761904763
610.2580999999998,9384.76961904762
610.5126999999999,9431.089047619049
610.7674000000001,9476.463523809523
611.0220000000003,9522.161476190477
611.2765999999998,9568.191190476191
611.5311,9613.629523809524
611.7857000000001,9659.641047619047
612.0403000000001,9705.356952380951
612.2947999999999,9750.466285714288
612.5494,9794.756333333333
612.8039000000002,9838.666380952382
613.0584999999998,9883.505619047619
613.313,9927.312714285716
613.5674999999998,9971.155904761905
613.822,10015.765190476191
614.0764999999998,10059.705952380951
614.331,10103.382857142855
614.5854999999998,10147.086
614.84,10191.016571428572
615.0944999999998,10234.576476190477
615.3489000000002,10278.419095238096
615.6034,10320.356571428569
615.8577999999999,10365.05542857143
616.1123000000001,10407.677523809523
616.3667000000003,10449.534285714284
616.6211000000001,10491.109523809524
616.8755,10533.241428571431
617.1299,10575.753333333332
617.3842999999999,10617.920476190477
617.6386999999997,10659.23095238095
617.8930999999999,10699.983333333334
618.1474,10741.815238095242
618.4017999999999,10783.771904761905
618.6561,10824.831904761904
618.9105,10866.522857142856
619.1648000000002,10908.125238095237
619.4190999999997,10948.355714285713
619.6735000000002,10989.10333333333
619.9277999999999,11028.80142857143
620.1821,11069.743333333334
620.4364000000003,11108.674761904762
620.6906999999998,11146.457619047616
620.9449000000002,11184.825714285711
621.1991999999998,11224.349047619047
621.4534999999998,11261.602857142858
621.7077000000003,11301.670476190475
621.9619000000001,11339.401904761904
622.2162000000002,11376.69380952381
622.4704,11413.17857142857
622.7245999999998,11450.26904761905
622.9788000000002,11487.824761904763
623.2330000000001,11525.92380952381
623.4871999999998,11563.217142857144
623.7414000000002,11598.791428571425
623.9956000000001,11634.051904761905
624.2497999999998,11669.139523809523
624.5038999999999,11703.284285714282
624.7580999999998,11739.385238095238
625.0121999999998,11771.968095238095
625.2662999999999,11804.98380952381
625.5205000000001,11837.930476190475
625.7746000000001,11869.391904761907
626.0287000000002,11900.350000000002
626.2828000000002,11930.459523809524
626.5368999999997,11962.255238095237
626.7909999999998,11991.95619047619
627.045,12021.047142857142
627.2991000000001,12049.313333333334
627.5532000000001,12077.271904761907
627.8071999999999,12103.573333333334
628.0612999999998,12130.120952380952
628.3153000000001,12154.787142857143
628.5692999999998,12181.169523809522
628.8233,12204.976190476193
629.0773000000003,12229.28619047619
629.3312999999999,12250.638095238095
629.5853000000001,12273.250952380953
629.8392999999999,12294.558571428572
630.0933000000002,12313.586666666666
630.3472,12332.349047619045
630.6011999999997,12350.135238095241
630.8551000000001,12367.090476190477
631.1090999999999,12384.40380952381
631.3629999999999,12400.154285714283
631.6169000000003,12414.797142857142
631.8709,12428.715238095238
632.1247999999998,12440.814285714283
632.3786999999999,12453.315238095234
632.6326000000003,12463.155714285716
632.8863999999999,12472.462857142855
633.1402999999997,12482.131428571427
633.3942000000001,12490.141904761904
633.6479999999998,12497.334285714287
633.9019000000002,12503.103333333336
634.1556999999999,12508.360952380954
634.4094999999999,12512.731904761904
634.6633999999999,12515.890952380953
634.9172,12517.025238095237
635.1710000000002,12517.120952380954
635.4248000000001,12517.043333333335
635.6785999999998,12516.067142857144
635.9323999999999,12515.21238095238
636.1861000000002,12512.461428571429
636.4398999999999,12507.872380952382
636.6936000000001,12500.044761904763
636.9474000000004,12497.120476190477
637.2011000000001,12488.11095238095
637.4549000000001,12480.654285714283
637.7086,12471.97666666667
637.9622999999998,12461.619523809524
638.2160000000001,12449.924761904762
638.4696999999999,12436.459523809524
638.7234000000002,12422.975238095238
638.9771,12408.178571428572
639.2307,12393.535714285714
639.4843999999999,12378.86238095238
639.7379999999999,12362.263333333332
639.9917000000003,12344.95095238095
640.2453000000003,12325.203809523813
640.4989999999999,12305.669047619049
640.7525999999999,12284.44952380952
641.0061999999999,12262.341428571426
641.2597999999999,12240.931904761903
641.5133999999999,12217.335238095238
641.7669999999999,12194.583333333334
642.0206,12168.38
642.2741000000001,12143.658571428574
642.5277000000001,12118.226190476189
642.7811999999999,12092.130476190476
643.0347999999999,12064.76238095238
643.2883,12038.551904761905
643.5417999999996,12009.65380952381
643.7953999999996,11981.529047619046
644.0488999999999,11951.536666666667
644.3024000000003,11921.745714285711
644.5558999999998,11890.90380952381
644.8094,11861.774285714288
645.0627999999999,11828.922857142858
645.3163000000002,11798.157142857142
645.5697999999999,11767.611428571428
645.8232000000002,11736.012857142856
646.0766999999998,11703.537142857143
646.3300999999998,11671.571904761906
646.5835000000001,11638.067142857142
646.8369000000001,11603.913333333336
647.0903,11569.422380952381
647.3436999999999,11535.17619047619
647.5970999999996,11501.331428571431
647.8505000000002,11465.851904761907
648.1039,11431.398571428572
648.3572999999999,11395.941428571428
648.6106,11359.320952380953
648.8639999999998,11323.089523809524
649.1173,11286.573333333332
649.3706000000001,11249.442380952381
649.6239999999999,11212.229047619048
649.8773,11176.020476190475
650.1306000000002,11138.175238095238
650.3839000000002,11102.939999999999
650.6371999999998,11066.947142857141
650.8904999999997,11029.904761904763
651.1437000000001,10993.087619047621
651.3970000000003,10956.378571428571
651.6502999999999,10920.451904761905
651.9035000000001,10885.117142857143
652.1566999999998,10849.805238095238
652.41,10811.84304761905
652.6631999999996,10776.214571428569
652.9164,10739.870571428573
653.1695999999998,10704.394142857142
653.4228000000002,10669.346523809523
653.6759999999999,10633.917952380949
653.9292000000003,10599.13661904762
654.1823999999999,10564.027952380951
654.4354999999998,10528.670428571428
654.6887000000002,10492.699476190473
654.9418000000001,10457.50280952381
655.1949999999999,10422.506333333331
655.4480999999998,10387.178333333333
655.7011999999997,10352.45157142857
655.9542999999999,10318.214761904761
656.2073999999999,10283.215714285714
656.4604999999998,10249.97580952381
656.7135999999997,10216.779571428568
656.9667000000003,10184.506285714286
657.2198000000002,10151.090714285716
657.4727999999998,10118.803857142857
657.7258999999999,10085.843999999997
657.9789,10053.714904761906
658.2319000000001,10021.16323809524
658.4850000000001,9990.58580952381
658.7379999999999,9959.412952380952
658.991,9929.764380952382
659.2440000000001,9899.933000000005
659.4969999999998,9868.939142857145
659.75,9840.91119047619
660.0030000000002,9810.821952380953
660.2559,9781.292000000001
660.5089000000002,9753.378619047618
660.7618000000001,9723.29880952381
661.0148000000003,9695.830476190475
661.2677000000001,9666.016523809523
661.5206,9639.188
661.7736000000002,9611.330523809525
662.0265,9583.47557142857
662.2793999999999,9555.600571428573
662.5323000000002,9529.055666666669
662.7851000000004,9501.997761904762
663.0380000000002,9476.108523809524
663.2909,9450.513904761907
663.5437000000001,9425.458142857144
663.7965999999999,9399.13138095238
664.0494,9374.40961904762
664.3022999999998,9351.425809523807
664.5550999999998,9326.964476190475
664.8078999999999,9304.115904761906
665.0607,9281.579428571431
665.3135000000001,9258.532285714286
665.5663000000002,9236.558714285717
665.8191000000002,9213.078333333331
666.0717999999999,9191.24976190476
666.3246,9170.408
666.5774,9150.189952380952
666.8300999999998,9127.464523809525
667.0828,9107.911809523808
667.3356000000001,9086.937666666667
667.5882999999999,9067.31157142857
667.8410000000001,9047.968523809523
668.0936999999999,9027.43357142857
668.3464000000001,9007.743619047618
668.5990999999999,8987.946476190476
668.8518000000001,8968.118476190475
669.1044,8948.184428571429
669.3570999999998,8929.609333333332
669.6098000000001,8910.464714285712
669.8624,8890.723523809525
670.1149999999999,8871.99219047619
670.3677000000001,8853.188428571431
670.6203000000003,8833.820285714286
670.8729000000001,8815.057999999999
671.1255,8795.943476190476
671.3781,8778.355571428574
671.6306999999999,8761.640809523811
671.8832000000001,8744.482857142857
672.1358,8725.735095238093
672.3883999999999,8708.967571428571
672.6409000000001,8691.950904761903
672.8935,8674.80619047619
673.1460000000001,8658.966333333334
673.3984999999999,8643.705380952382
673.651,8628.706761904763
673.9035000000001,8613.290380952381
674.1559999999996,8598.453857142853
674.4084999999998,8583.635904761904
674.661,8569.176904761905
674.9135000000001,8555.221476190476
675.1659999999998,8541.129095238095
675.4184000000002,8527.571238095241
675.6708999999997,8514.083857142856
675.9233000000002,8500.134047619047
676.1756999999999,8487.167047619048
676.4282000000001,8472.935285714286
676.6805999999999,8460.073380952383
676.9330000000003,8445.373666666668
677.1854000000001,8430.505190476188
677.4377999999999,8416.373857142858
677.6900999999999,8401.969285714284
677.9424999999998,8386.748714285714
678.1949000000002,8372.72380952381
678.4472000000001,8358.027095238098
678.6996,8343.242571428573
678.9519,8328.687619047621
679.2042,8314.714809523808
679.4565999999998,8300.29461904762
679.7088999999999,8285.810571428572
679.9611999999998,8272.614904761906
680.2135,8259.079428571431
680.4657000000001,8245.683142857142
680.7180000000002,8232.472095238094
680.9703000000003,8220.494666666666
681.2226000000004,8209.58057142857
681.4748,8197.553999999998
681.7270000000002,8186.07776190476
681.9792999999996,8173.0250000000015
682.2315,8162.272761904762
682.4837000000001,8150.468952380951
682.7358999999998,8139.879714285717
682.9881000000003,8128.742999999999
683.2402999999999,8117.639857142857
683.4925000000002,8108.408809523808
683.7446999999997,8097.419047619049
683.9968000000003,8086.69719047619
684.2489999999999,8075.254380952381
684.5010999999997,8064.500952380955
684.7533000000002,8051.921
685.0054,8040.120571428571
685.2574999999998,8028.409523809522
685.5097000000001,8016.54157142857
685.7618000000001,8004.416952380952
686.0139,7992.0338571428565
686.2659000000002,7980.950619047617
686.518,7969.534380952381
686.7700999999998,7956.0428571428565
687.0221999999999,7943.898666666667
687.2742,7932.186857142857
687.5262999999998,7921.667714285715
687.7783,7910.597428571427
688.0303000000002,7900.14
688.2823000000003,7890.8574285714285
688.5342999999998,7881.218476190477
688.7864000000003,7870.905285714286
689.0383,7861.883999999999
689.2903000000001,7852.0110476190475
689.5422999999996,7842.32119047619
689.7942999999998,7833.93761904762
690.0462000000002,7824.77161904762
690.2981999999997,7817.455190476189
690.5501000000003,7808.14661904762
690.8021000000003,7799.979047619049
691.054,7790.763619047619
691.3058999999998,7781.896238095236
691.5578000000003,7771.567047619047
691.8096999999999,7761.431047619048
692.0616000000003,7752.245238095238
692.3135000000001,7741.369428571428
692.5653999999997,7731.095666666668
692.8171999999997,7721.444428571429
693.0691000000002,7710.793142857142
693.3209000000002,7699.738571428572
693.5728,7689.099142857144
693.8246,7677.815333333334
694.0764,7666.8215238095245
694.3282,7655.330095238092
694.58,7644.371000000001
694.8318,7633.272904761905
695.0836,7621.040761904764
695.3354,7609.353809523809
695.5872,7597.412619047619
695.8389000000002,7586.386285714286
696.0907000000002,7575.38742857143
696.3423999999998,7563.794809523809
696.5941999999998,7552.17419047619
696.8459000000001,7541.293047619047
697.0976000000004,7530.97957142857
697.3493,7521.312047619048
697.6010000000001,7511.947047619046
697.8526999999999,7502.181095238096
698.1044,7491.701857142857
698.3561000000003,7481.745523809524
698.6077000000002,7471.613952380952
698.8593999999998,7460.228761904761
699.1110000000003,7450.025380952381
699.3626999999998,7439.43638095238
699.6142999999997,7429.102142857142
699.8659000000002,7417.698571428574
700.1175000000002,7407.084380952382
700.3691999999996,7395.364
700.6206999999999,7383.451238095238
700.8722999999997,7370.757238095238
701.1239000000003,7357.674380952381
701.3755,7345.0485714285705
701.6270999999998,7330.16923809524
701.8786,7316.104666666665
702.1301999999997,7302.465809523808
702.3817,7287.614142857143
702.6332000000001,7272.314666666665
702.8847000000001,7257.279238095238
703.1362000000004,7241.861428571428
703.3878000000002,7226.725523809522
703.6391999999997,7210.920047619047
703.8907,7195.086000000002
704.1422000000001,7178.852952380953
704.3937000000001,7162.329476190477
704.6450999999998,7147.388761904762
704.8966,7132.273714285714
705.1479999999997,7116.469952380954
705.3994999999998,7101.1270476190475
705.6509000000001,7085.14204761905
705.9022999999999,7070.573333333334
706.1537000000003,7056.210428571429
706.4051,7042.231095238094
706.6565000000004,7028.635238095237
706.9079,7016.3721428571425
707.1592999999998,7003.144952380952
707.4105999999997,6990.444333333332
707.6620000000001,6978.48123809524
707.9133,6965.554047619045
708.1646999999998,6952.821333333333
708.4159999999997,6940.834761904762
708.6672999999996,6929.514476190477
708.9186000000003,6916.263238095237
709.1699000000003,6903.067523809524
709.4212000000002,6889.49980952381
709.6725000000001,6874.56361904762
709.9238000000003,6860.030238095237
710.1751000000003,6844.813523809526
710.4262999999996,6830.452
710.6775999999996,6814.17061904762
710.9287999999998,6797.980285714285
711.1800000000002,6780.355714285713
711.4313000000001,6762.80880952381
711.6825000000003,6744.782761904762
711.9336999999998,6727.632428571428
712.1849000000001,6708.888238095236
712.4361000000004,6689.400142857144
712.6872999999998,6670.891857142857
712.9383999999997,6652.519571428571
713.1895999999998,6634.696904761905
713.4408000000002,6617.225952380953
713.6918999999999,6599.412904761906
713.9429999999998,6582.749952380955
714.1942,6568.04919047619
714.4452999999999,6553.807333333333
714.6964000000003,6539.832142857142
714.9475000000001,6527.690285714287
715.1985999999998,6517.685952380953
715.4496999999997,6508.104333333333
715.7008000000001,6498.107809523811
715.9518000000003,6489.385999999999
716.2029000000001,6481.2715714285705
716.4539999999998,6475.00842857143
716.705,6467.465523809525
716.956,6461.880666666667
717.2070999999997,6454.554285714286
717.4581,6447.7529047619055
717.7091,6440.622238095239
717.9601000000001,6432.6344761904775
718.2111000000002,6423.638809523809
718.4621000000002,6413.400476190478
718.7129999999999,6402.67819047619
718.964,6390.978190476189
719.215,6377.634571428573
719.4658999999997,6364.305238095237
719.7168999999999,6349.505571428573
719.9678000000002,6335.055666666666
720.2186999999999,6319.484714285714
720.4696000000002,6303.987095238095
720.7204999999999,6288.798476190474
720.9714000000002,6274.483761904763
721.2222999999999,6260.135333333334
721.4732000000002,6245.863619047619
721.7240999999999,6233.896666666666
721.9748999999997,6222.742333333334
722.2258,6213.0544285714295
722.4766,6206.797333333332
722.7273999999999,6201.6539999999995
722.9783000000002,6199.5013333333345
723.2291000000002,6200.012428571428
723.4799000000002,6201.796571428571
723.7307,6206.004238095237
723.9815,6211.346285714286
724.2322999999998,6219.032619047619
724.4830000000001,6227.425952380951
724.7338,6236.558142857144
724.9845999999999,6246.920047619049
725.2353000000002,6257.569428571429
725.4861,6268.345809523809
725.7368000000001,6277.81819047619
725.9874999999997,6287.980285714285
726.2381999999999,6297.2642857142855
726.4889000000002,6305.628523809525
726.7396000000003,6313.096761904762
726.9902999999999,6320.326666666668
727.241,6325.799666666667
727.4917000000003,6331.359952380953
727.7423,6335.690047619048
727.9930000000003,6339.405142857143
728.2435999999999,6343.442904761905
728.4941999999996,6345.75680952381
728.7448999999998,6349.186190476191
728.9955000000003,6353.537285714286
729.2461000000002,6357.161428571428
729.4966999999998,6361.042761904762
729.7472999999997,6365.527571428572
729.9979000000002,6370.362761904761
730.2484000000002,6375.072952380952
730.4989999999999,6378.885523809525
730.7495999999996,6384.2308095238095
731.0000999999997,6391.916523809524
731.2507000000003,6402.633047619051
731.5012000000002,6415.900999999999
731.7517000000003,6431.6262380952385
732.0022000000004,6453.641523809524
732.2527000000003,6480.538523809523
732.5031999999997,6513.990904761904
732.7536999999998,6551.304285714286
733.0041999999999,6591.023714285714
733.2546999999997,6632.418476190478
733.5051000000002,6677.454619047621
733.7556000000002,6727.551142857141
734.0059999999999,6785.411190476189
734.2564000000001,6853.895619047618
734.5069000000002,6927.016142857142
734.7572999999998,6996.890809523809
735.0077,7058.151238095237
735.2580999999997,7107.395047619048
735.5085,7156.14
735.7589000000003,7218.684714285712
736.0092000000002,7302.987238095239
736.2595999999999,7408.262142857143
736.5100000000001,7524.341714285716
736.7603,7637.048142857143
737.0105999999997,7738.69123809524
737.2610000000002,7826.915428571428
737.5113,7907.703285714287
737.7615999999999,7985.095047619046
738.0118999999997,8068.207952380951
738.2621999999997,8160.417190476193
738.5125000000003,8260.714523809522
738.7628000000002,8365.642809523808
739.0130000000004,8473.385714285714
739.2633000000001,8586.562619047618
739.5135000000004,8706.075761904762
739.7638000000002,8833.766047619049
740.0139999999997,8970.095857142858
740.2641999999997,9114.500571428569
740.5144,9259.998285714288
740.7646999999998,9406.036428571426
741.0149,9552.618999999997
741.2649999999999,9692.450238095238
741.5151999999999,9824.230952380949
741.7654000000001,9958.208095238095
742.0156000000002,10099.912571428573
742.2657,10249.496047619048
742.5159000000002,10398.96238095238
742.7659999999997,10537.206666666669
743.0161000000003,10656.294285714286
743.2662,10763.291904761907
743.5164000000002,10897.868095238093
743.7664999999998,11052.54619047619
744.0164999999998,11206.422380952381
744.2666000000004,11359.424285714285
744.5167,11512.216190476192
744.7667999999998,11663.917142857143
745.0167999999998,11814.280476190477
745.2669000000002,11958.639047619046
745.5169000000002,12085.780952380954
745.7669000000002,12201.64761904762
746.0169999999999,12312.301428571429
746.2669999999999,12427.570476190474
746.5169999999999,12549.19571428571
746.7669999999999,12684.556666666667
747.0169999999999,12822.794285714283
747.2669999999999,12956.207142857142
747.5169000000002,13084.622857142858
747.7669000000002,13207.74523809524
748.0167999999998,13327.551428571429
748.2667999999998,13445.623809523808
748.5167,13563.102380952381
748.7666000000004,13677.481428571427
749.0166000000004,13787.426666666668
749.2664999999998,13872.006666666668
749.5164000000002,13937.920476190475
749.7662999999998,13991.037619047624
750.0161000000003,14037.994285714285
750.2659999999997,14081.3
750.5159000000002,14124.335238095236
750.7657,14165.151904761904
751.0156000000002,14196.041904761905
751.2654000000001,14209.257619047621
751.5151999999999,14201.602857142856
751.7651000000002,14183.492380952379
752.0149,14170.479523809521
752.2646999999998,14175.077619047617
752.5144999999998,14202.281904761903
752.7643000000003,14240.854761904762
753.0139999999997,14279.410000000002
753.2638000000002,14302.077142857146
753.5136000000001,14304.03761904762
753.7633000000002,14292.155238095236
754.0131,14283.508095238094
754.2628000000002,14292.239523809525
754.5125000000003,14316.71761904762
754.7621999999997,14342.563333333334
755.0118999999997,14360.320476190482
755.2615999999999,14369.002380952383
755.5113,14368.468571428573
755.7610000000002,14364.753333333336
756.0107000000003,14351.196666666667
756.2603,14323.927142857145
756.5100000000001,14287.123333333331
756.7595999999998,14248.810952380954
757.0092999999998,14199.104761904762
757.2589000000003,14127.537142857143
757.5085,14031.850952380952
757.7580999999997,13921.571904761906
758.0077,13811.261904761903
758.2572999999998,13710.941904761907
758.5069000000002,13609.13523809524
758.7564999999997,13467.926666666668
759.0059999999997,13298.03285714286
759.2556000000002,13126.621904761902
759.5051000000002,12955.28
759.7546999999997,12787.832380952383
760.0041999999997,12623.97380952381
760.2536999999998,12462.544285714286
760.5031999999997,12309.920476190477
760.7527000000003,12177.341904761906
761.0022000000004,12058.3280952381
761.2517000000003,11944.470952380952
761.5012000000003,11826.670000000002
761.7507000000003,11700.819523809525
762.0000999999997,11558.774285714286
762.2495999999996,11407.685714285713
762.4989999999999,11254.11619047619
762.7484999999998,11097.24523809524
762.9979000000002,10938.966666666665
763.2472999999997,10781.780952380952
763.4966999999998,10627.081904761904
763.7461000000002,10474.555238095238
763.9955000000003,10325.647619047619
764.2448999999998,10180.415190476187
764.4941999999996,10053.914
764.7435999999999,9936.925904761905
764.9930000000003,9826.777000000002
765.2423,9726.81261904762
765.4915999999997,9639.67642857143
765.741,9563.53657142857
765.9902999999998,9491.37957142857
766.2396000000003,9415.619619047615
766.4889000000002,9336.185095238094
766.7381999999999,9255.720523809527
766.9874999999997,9175.727428571428
767.2366999999998,9094.23480952381
767.4860000000003,9004.600666666669
767.7353000000002,8904.353809523807
767.9845000000003,8798.956904761904
768.2337000000002,8694.252619047618
768.4830000000001,8597.50938095238
768.7322000000003,8510.125714285716
768.9814000000002,8427.156523809525
769.2306000000003,8335.682285714283
769.4797999999996,8224.16476190476
769.7289999999998,8091.223857142857
769.9781999999998,7949.349285714284
770.2273000000002,7803.58657142857
770.4765000000002,7656.215952380952
770.7255999999999,7509.285714285716
770.9748,7368.0837619047625
771.2239000000003,7242.9701428571425
771.473,7138.686857142856
771.7222,7056.168571428572
771.9712999999997,6984.873857142857
772.2204,6922.895047619048
772.4694,6876.022904761905
772.7184999999996,6848.210904761905
772.9676,6838.095476190477
773.2167000000003,6841.3009047619025
773.4657000000002,6854.315666666667
773.7147000000002,6875.769380952383
773.9637999999998,6903.498428571429
774.2127999999998,6932.812904761905
774.4618000000004,6955.833428571429
774.7108000000003,6971.099476190477
774.9598000000002,6976.170047619049
775.2088000000002,6972.46842857143
775.4578,6962.721666666665
775.7068,6946.693476190476
775.9557000000002,6924.3377619047615
776.2047000000001,6897.269619047617
776.4536000000003,6864.831190476191
776.7026000000002,6826.305857142857
776.9514999999997,6782.898904761903
777.2003999999998,6736.712571428572
777.4493000000001,6691.754571428571
777.6982000000003,6647.646142857142
777.9470999999998,6608.611285714285
778.196,6573.5125238095225
778.4449000000002,6540.375571428571
778.6938000000004,6508.309714285712
778.9426000000002,6477.265619047619
779.1915000000004,6445.386476190477
779.4403000000001,6412.154904761905
779.6890999999998,6378.7406190476195
779.938,6344.080571428572
780.1867999999997,6310.878428571428
780.4356000000001,6275.372428571429
780.6844,6238.123428571427
780.9331999999998,6199.976666666667
781.1818999999998,6161.141142857145
781.4307000000002,6122.753904761905
781.6795000000001,6085.453619047619
781.9282000000002,6050.281380952381
782.1769999999999,6016.934285714286
782.4257,5985.347952380953
782.6744000000001,5955.745285714285
782.9231,5928.280619047619
783.1717999999998,5902.016142857143
783.4205,5876.543523809523
783.6692,5851.02219047619
783.9179000000001,5824.716857142857
784.1666000000002,5795.998857142857
784.4151999999998,5762.858809523809
784.6638999999998,5725.118428571431
784.9125000000003,5682.693000000001
785.1612000000002,5636.891047619049
785.4097999999999,5590.258857142857
785.6584,5541.4030952380945
785.9069999999998,5490.375380952381
786.1555999999999,5432.304809523809
786.4042000000003,5366.293142857143
786.6528000000001,5291.942476190477
786.9014000000002,5211.873285714285
787.1499000000001,5130.658666666668
787.3984999999999,5051.32119047619
787.6470000000003,4971.20580952381
787.8956000000001,4888.833999999998
788.1440999999998,4804.431380952381
788.3925999999998,4718.525095238096
788.6411000000002,4633.264476190476
788.8896000000002,4553.009904761903
789.1380999999999,4477.426761904761
789.3865999999999,4409.004047619047
789.6350999999997,4347.282095238095
789.8835000000001,4292.937666666666
790.1319999999997,4244.475952380952
790.3804000000001,4201.485904761903
790.6288999999999,4162.686047619048
790.8772999999999,4128.490238095237
791.1257000000003,4097.294428571428
791.3742000000001,4069.2835714285716
791.6226000000001,4045.9495238095246
791.8709,4026.266761904761
792.1193000000002,4010.5893809523814
792.3677000000002,3997.50980952381
792.6160999999998,3985.4866666666667
792.8644000000003,3974.707714285714
793.1128000000003,3960.8170476190476
793.3611,3943.481476190476
793.6095000000003,3921.5400952380955
793.8577999999999,3894.873523809524
794.1061000000003,3863.7914761904763
794.3543999999999,3828.899523809523
794.6026999999998,3791.2346666666654
794.8510000000001,3752.326523809523
795.0993,3714.223476190477
795.3475000000001,3678.339095238096
795.5957999999997,3645.4715238095246
795.8440000000004,3615.609523809523
796.0923,3589.5890000000004
796.3405000000001,3565.5594761904767
796.5887,3542.4720476190478
796.8369999999998,3519.8001904761904
797.0851999999998,3496.6173333333345
797.3333999999998,3471.884380952381
797.5815999999998,3445.8952380952383
797.8297000000001,3419.4829999999997
798.0779,3392.7599047619046
798.3261000000001,3365.514714285714
798.5741999999997,3338.7317619047617
798.8224000000004,3312.666142857143
799.0704999999999,3287.2782857142856
799.3186000000001,3264.5492380952383
799.5668000000002,3245.2417619047615
799.8148999999999,3228.5431428571424
800.063,3217.1632380952383
800.3111000000004,3208.9944761904762
800.5591000000002,3205.037523809524
800.8071999999999,3205.681238095238
801.0553,3208.796857142857
801.3032999999998,3214.805761904762
801.5514000000001,3222.0775714285724
801.7994000000001,3230.7776190476184
802.0473999999998,3239.859904761905
802.2955,3248.6752857142847
802.5435,3256.7431904761906
802.7914999999999,3263.929476190476
803.0395000000003,3271.6714285714297
803.2873999999997,3279.0783809523814
803.5354000000001,3287.33238095238
803.7834,3295.188
804.0313000000001,3303.3718095238096
804.2793,3312.680285714285
804.5272000000002,3323.4037142857146
804.7752,3336.1942380952387
805.0231000000002,3350.6565238095236
805.2710000000001,3368.1879047619045
805.5188999999997,3387.9201904761903
805.7667999999999,3410.2027619047626
806.0147,3435.938571428571
806.2625000000002,3464.8627142857135
806.5103999999998,3497.591142857143
806.7582999999997,3533.582238095238
807.0061000000001,3574.97080952381
807.2540000000002,3621.0941428571427
807.5017999999999,3671.7480476190485
807.7495999999998,3727.273285714286
807.9974,3786.541571428571
808.2451999999998,3849.4824285714276
808.4930000000003,3913.4499999999994
808.7407999999998,3981.0263809523813
808.9886000000002,4050.015142857143
809.2363999999999,4121.137142857142
809.4840999999998,4196.042809523809
809.7319000000002,4275.52619047619
809.9796000000001,4358.561380952382
810.2273000000002,4446.219047619047
810.4750999999999,4537.458333333334
810.7227999999998,4632.836
810.9704999999998,4733.243333333333
811.2181999999999,4838.023666666667
811.4658999999998,4948.288285714287
811.7135,5064.138809523809
811.9611999999998,5185.3729523809525
812.2088999999997,5311.561761904762
812.4565,5441.077904761904
812.7041999999999,5570.601571428571
812.9518000000003,5697.741666666667
813.1993999999997,5818.371047619047
813.4469999999999,5930.874952380953
813.6946000000003,6030.44519047619
813.9421999999997,6113.786952380953
814.1897999999999,6180.313047619047
814.4374000000003,6229.298761904762
814.6849999999997,6261.849857142857
814.9325000000003,6281.039333333333
815.1800999999998,6289.1098095238085
815.4275999999996,6290.467761904761
815.6751999999998,6287.51776190476
815.9226999999997,6282.115857142858
816.1702000000002,6276.037095238095
816.4176999999999,6269.458523809523
816.6651999999998,6262.1849999999995
816.9127000000002,6255.450857142857
817.1602000000001,6248.9064285714285
817.4077,6243.396190476189
817.6551,6239.941761904764
817.9025999999999,6239.598571428571
818.1499999999997,6241.409904761907
818.3974999999997,6247.653238095238
818.6448999999999,6257.291
818.8922999999998,6273.096904761905
819.1397,6295.0313333333315
819.3871000000001,6323.113571428572
819.6344999999999,6357.850714285714
819.8819000000001,6398.116000000001
820.1293000000002,6444.978190476189
820.3765999999998,6494.0364285714295
820.624,6545.339666666669
820.8713000000002,6595.79423809524
821.1186999999996,6641.849857142856
821.3660000000001,6682.436476190477
821.6133000000003,6713.352333333335
821.8606,6735.259666666667
822.1078999999996,6744.728666666668
822.3551999999999,6740.751285714285
822.6025000000003,6723.905380952381
822.8498,6695.112095238095
823.097,6654.831095238095
823.3443000000003,6604.532904761904
823.5915000000002,6547.355190476191
823.8387999999998,6482.563809523811
824.0859999999997,6412.277571428573
824.3332000000004,6336.320190476188
824.5804000000003,6253.533238095237
824.8276000000002,6164.0078095238105
825.0748000000001,6068.527809523809
825.3219999999999,5966.0861904761905
825.5692000000001,5857.294904761905
825.8163000000002,5741.4473333333335
826.0635,5618.1694285714275
826.3106000000004,5486.879380952381
826.5578000000003,5347.275666666667
826.8048999999995,5199.526952380953
827.0519999999999,5043.767761904763
827.2991,4880.527571428572
827.5462000000003,4712.178285714285
827.7932999999998,4541.787952380952
828.0404000000001,4371.630047619047
828.2875000000001,4206.219190476191
828.5345,4047.8497619047625
828.7816,3901.047571428572
829.0287000000003,3770.0677619047624
829.2756999999999,3656.0421904761906
829.5226999999998,3558.8462857142854
829.7697000000004,3478.1829999999995
830.0167999999999,3411.0839047619043
830.2638000000003,3354.344571428571
830.5107000000003,3305.1829047619053
830.7576999999999,3260.4679523809527
831.0046999999997,3218.1972380952384
831.2517000000004,3177.205809523809
831.4986000000004,3137.2425238095243
831.7456,3098.641238095238
831.9925000000001,3060.2102857142863
832.2394000000002,3021.9363333333336
832.4864,2983.568095238095
832.7333000000001,2943.663476190476
832.9801999999999,2901.223857142857
833.2270999999998,2856.618476190476
833.4739999999999,2807.28980952381
833.7207999999997,2754.159238095238
833.9676999999997,2694.827047619048
834.2145999999997,2628.5899047619046
834.4613999999999,2555.2389523809525
834.7082000000004,2474.2528571428566
834.9550999999996,2386.4654761904767
835.2019,2290.4018571428574
835.4487000000005,2189.2330952380953
835.6955,2083.2778095238095
835.9423000000002,1974.6990476190476
836.1890999999998,1865.889714285714
836.4359000000002,1758.4681428571428
836.6825999999999,1656.2118571428575
836.9294000000003,1558.4818571428575
837.1761000000002,1467.8293333333334
837.4228999999998,1384.8290000000002
837.6695999999997,1310.4874285714282
837.9163000000004,1243.1550952380953
838.1630000000002,1183.5862857142859
838.4096999999999,1131.4476666666665
838.6564000000001,1085.7691904761903
838.9030999999998,1045.2010476190476
839.1497999999996,1009.354976190476
839.3965000000003,977.9022285714285
839.6430999999998,950.1504523809526
839.8898000000005,925.429923809524
840.1363999999998,903.2467476190477
840.383,883.2175857142855
840.6296999999997,864.4580285714285
840.8763000000001,847.1137714285715
841.1229000000001,830.8280428571429
841.3695000000004,815.3614904761905
841.6160999999996,800.8090523809524
841.8626000000002,786.8447095238096
842.1092000000003,773.0336238095239
842.3557999999998,759.5045952380954
842.6023000000002,746.277176190476
842.8489000000003,733.3089333333334
843.0953999999999,720.3908761904762
843.3418999999998,708.1030999999999
843.5884000000002,695.9316142857143
843.8349000000001,684.1142904761906
844.0813999999997,672.5501523809523
844.3279,661.1522761904761
844.5743999999997,650.0219000000001
844.8207999999997,638.9672666666665
845.0673000000002,628.0247761904764
845.3138000000001,616.9100142857144
845.5602000000001,605.2886238095236
845.8066000000001,593.7231857142857
846.0530000000001,581.8774904761905
846.2994999999996,569.9912
846.5458999999996,557.9256333333333
846.7922999999996,545.4335809523809
847.0386000000001,532.8886761904762
847.2850000000001,520.2329523809525
847.5314000000001,507.4291428571429
847.7777000000001,494.806980952381
848.0241000000001,482.3646142857143
848.2703999999999,469.65630952380957
848.5167999999999,457.3261047619047
848.7630999999999,444.72552857142847
849.0094000000004,432.07707142857134
849.2556999999999,419.70366666666666
849.5020000000002,407.69898095238085
849.7482999999996,395.7346238095238
849.9945999999999,383.94281428571435
850.2407999999998,372.4595904761905
850.4871,361.18739047619044
850.7333000000001,349.8681190476191
850.9796000000001,338.8368952380953
851.2257999999999,327.8873761904762
851.472,317.4010333333333
851.7181999999997,306.84574285714285
851.9644000000004,296.8696809523809
852.2106000000001,286.96544761904755
852.4568000000002,277.60868095238095
852.7029999999997,268.2972142857143
852.9491999999997,259.57980952380956
853.1952999999997,251.19755714285714
853.4415000000005,242.9966761904762
853.6875999999997,235.00030476190472
853.9336999999998,227.37684761904762
854.1798999999995,220.22617142857138
854.4259999999998,213.42653333333334
854.6721,207.15175238095236
854.9181999999998,200.86031904761907
855.1643000000001,194.96179523809525
855.4102999999998,189.00214285714284
855.6564000000001,183.47285714285712
855.9023999999996,178.25558571428576
856.1484999999997,173.1150714285714
856.3945000000001,168.29593333333332
856.6406000000002,163.79135714285718
856.8866,159.42340476190478
857.1326000000005,155.33624761904764
857.3786,151.40285238095242
857.6245999999995,147.83325714285712
857.8706,144.55013333333332
858.1165999999998,141.61988095238098
858.3624999999996,138.73644761904762
858.6085,135.97352380952378
858.8543999999999,133.09425238095238
859.1003999999997,130.4119761904762
859.3462999999997,127.74296666666669
859.5921999999997,125.23684761904762
859.8381000000005,122.60218095238095
860.0840000000003,120.03101428571429
860.3299000000003,117.75779523809524
860.5758000000001,115.40675238095235
860.8217000000002,112.94800000000002
861.0674999999997,110.76741904761904
861.3133999999997,108.42186666666666
861.5591999999999,106.17750952380952
861.8050999999998,104.00785571428572
862.0509,101.69195904761905
862.2967000000003,99.54572095238093
862.5424999999998,97.40026095238098
862.7882999999999,95.03778285714287
863.0341000000004,92.72682761904763
863.2798999999998,90.69742285714285
863.5256999999999,88.82727095238094
863.7715000000002,86.82727047619048
864.0172,84.89648666666668
864.2630000000003,83.21420714285716
864.5087000000001,81.42029666666664
864.7544,79.6511057142857
865.0000999999999,77.96023904761905
865.2459000000001,76.22930047619049
865.4916,74.78667857142857
865.7371999999998,73.32245714285712
865.9828999999996,71.94228476190474
866.2286000000001,70.6282076190476
866.4743000000001,69.21654952380952
866.7199,67.9407238095238
866.9655999999998,66.51683666666665
867.2112,65.32584
867.4568000000002,64.22305523809523
867.7023999999999,63.139526190476175
867.9480999999998,62.06640523809522
868.1937,60.946968095238084
868.4392000000004,59.82701047619048
868.6847999999997,58.92198714285715
868.9303999999998,58.09580952380952
869.1759999999998,57.26911380952382
869.4215000000002,56.51475476190477
869.6671,55.5189180952381
869.9125999999999,54.93265714285714
870.1581000000002,54.2264361904762
870.4035999999999,53.64355952380953
870.6491,52.90637476190476
870.8945999999999,51.9599780952381
871.1401000000002,51.294873333333335
871.3855999999998,50.709131904761904
871.6311,49.97741380952382
871.8765999999998,49.32037619047618
872.1219999999997,48.73073095238095
872.3673999999995,48.147333333333336
872.6128999999999,47.56731714285714
872.8583000000001,47.08904571428572
873.1036999999999,46.41249
873.3490999999998,45.62170142857143
873.5944999999996,44.94748904761905
873.8398999999996,44.50252285714286
874.0853000000001,43.98651952380952
874.3307000000002,43.51319238095239
874.5760000000004,42.81946285714285
874.8214000000004,42.22852
875.0666999999997,41.87150714285714
875.3120999999995,41.08123952380953
875.5573999999999,40.49419666666667
875.8027,39.88009428571428
876.0480000000001,39.29929857142857
876.2932999999999,38.66359523809523
876.5386000000001,37.96986809523811
876.7839000000001,37.30554095238095
877.0291,36.68935666666667
877.2744,36.101014285714285
877.5195999999999,35.60400666666667
877.7648999999999,35.16086380952381
878.0100999999997,34.821806190476195
878.2553000000004,34.30658285714286
878.5005999999997,33.65006523809523
878.7458000000003,33.09789238095238
878.9910000000001,32.69065904761905
879.2360999999999,32.35342142857142
879.4812999999998,32.002653809523814
879.7265000000003,31.67348380952381
879.9717000000002,31.34743666666666
880.2167999999999,31.0393438095238
880.4619,30.51553666666667
880.7070999999999,30.039083809523802
880.9522,29.595680476190473
881.1973,29.025291904761914
881.4424000000001,28.649805238095237
881.6875,28.333905714285713
881.9325999999999,28.227218095238094
882.1777,27.822066666666657
882.4226999999995,27.318292857142858
882.6677999999996,27.062503333333332
882.9127999999998,26.766900476190482
883.1578999999999,26.50304428571429
883.4029000000004,26.346917142857137
883.6479000000002,26.09268714285714
883.8929000000002,25.96258142857143
884.1379,25.752329047619046
884.3829000000002,25.391413333333336
884.6278999999997,25.188967619047624
884.8729000000001,24.92198714285714
885.1178999999998,24.740619047619052
885.3628000000002,24.30944619047619
885.6078,24.023731428571427
885.8526999999998,23.825709523809525
886.0976000000004,23.656310952380945
886.3425000000001,23.35732380952381
886.5874999999999,23.06146285714286
886.8323999999997,22.716939523809522
887.0772,22.41014857142857
887.3221,22.24647476190476
887.5669999999997,21.90741476190476
887.8119000000003,21.639397142857145
888.0566999999998,21.596201428571426
888.3016000000001,21.489773809523804
888.5463999999996,21.242310476190482
888.7911999999999,21.088003809523812
889.0359999999998,20.838720000000002
889.2809,20.5962
889.5256999999999,20.390631904761907
889.7704,20.22591571428571
890.0152,19.864740476190473
890.26,19.70835285714286
890.5048,19.60817047619048
890.7495000000001,19.452042380952374
890.9943000000001,19.161384761904763
891.2389999999998,19.03648142857143
891.4837000000003,18.951132380952377
891.7284,19.01436380952381
891.9730999999996,19.003435238095236
892.2178000000001,18.81790380952381
892.4624999999999,18.70210761904762
892.7072000000004,18.58267047619048
892.9519,18.26546904761905
893.1964999999999,18.18974809523809
893.4411999999999,18.1707519047619
893.6857999999996,18.231643333333338
893.9305000000002,18.192349523809526
894.1751000000002,17.95373428571429
894.4197000000001,17.7627380952381
894.6643000000001,17.497320000000002
894.9089000000001,17.384647142857133
895.1535000000001,17.216549047619047
895.3981000000001,17.00993904761905
895.6425999999996,16.97116857142857
895.8871999999998,16.77262571428572
896.1317000000001,16.76586095238095
896.3763000000001,16.69612238095238
896.6208000000003,16.588654761904763
896.8653,16.40676571428572
897.1098,16.332604285714286
897.3542999999996,16.369034285714285
897.5988,16.335728095238096
897.8433000000002,16.267030952380953
898.0877999999999,16.14863380952381
898.3323000000001,16.16840904761905
898.5766999999998,16.106218571428574
898.8212000000001,15.95347380952381
899.0656000000001,15.955554285714285
899.3099999999997,16.026072857142854
899.5545,16.004735238095236
899.7989,15.793443333333336
900.0432999999999,15.507729047619044
900.2877000000004,15.30710380952381
900.5319999999996,15.25896333333333
900.7764000000001,15.335465714285718
901.0208,15.273017142857142
901.2651000000002,15.219932380952379
901.5094999999999,15.201718095238093
901.7538000000002,15.14316857142857
901.9981000000004,15.108819523809524
902.2425000000001,15.065365714285711
902.4868,15.201456666666664
902.7311000000003,15.064325714285715
902.9753999999997,14.937080952380953
903.2196000000001,14.82492852380952
903.4639000000001,14.82310676190476
903.7082000000004,14.566536619047621
903.9523999999999,14.577985428571433
904.1967000000002,14.346656428571432
904.4408999999998,14.352380285714284
904.6851,14.50954957142857
904.9293,14.660474047619047
905.1735999999999,14.552484857142858
905.4176999999999,14.461670428571427
905.6618999999995,14.473900333333333
905.9060999999999,14.52854457142857
906.1502999999999,14.531407714285717
906.3943999999998,14.510330761904763
906.6386,14.26703042857143
906.8826999999999,14.174134619047623
907.1268999999996,14.303980857142857
907.3709999999995,14.204318666666662
907.6150999999996,14.166327809523812
907.8592000000002,14.292270952380953
908.1033000000001,14.261307571428574
908.3474,14.306583095238095
908.5915000000002,14.168669952380954
908.8354999999998,14.07785557142857
909.0796000000004,14.048191333333333
909.3235999999999,14.060941428571429
909.5676999999998,14.063544
909.8117,13.876710904761905
910.0557000000005,13.914702047619052
910.2996999999998,13.863438666666669
910.5436999999997,13.84938957142857
910.7877000000004,13.991723666666665
911.0316999999998,14.123913380952379
911.2756999999997,13.979756
911.5197000000004,13.907936190476189
911.7635999999998,13.857974714285712
912.0076000000005,13.874890380952381
912.2514999999999,13.678428809523812
912.4954,13.482487238095237
912.7392999999998,13.52125842857143
912.9832,13.721623523809523
913.2270999999998,13.613895952380952
913.471,13.655789
913.7148999999994,13.587094666666664
913.9588000000001,13.545978238095234
914.2026000000002,13.47077738095238
914.4464999999999,13.337548523809525
914.6902999999998,13.299817904761905
914.9341999999999,13.29747638095238
915.1780000000001,13.435909476190474
915.4217999999998,13.57824580952381
915.6656,13.49680038095238
915.9094000000002,13.456466238095235
916.1532000000003,13.457246333333334
916.3970000000005,13.39115380952381
916.6407999999998,13.412491190476189
916.8844999999999,13.445016571428575
917.1283000000001,13.422116095238096
917.3719999999997,13.37502076190476
917.6156999999998,13.604267238095236
917.8595,13.606609761904762
918.1032,13.618320095238094
918.3469000000002,13.471818285714287
918.5905999999998,13.516054619047617
918.8343,13.353420476190474
919.0779,13.520218714285715
919.3215999999996,13.398177714285715
919.5652999999998,13.293572761904763
919.8089,13.065625952380953
920.0525000000002,13.054697095238096
920.2962000000003,13.102835761904762
920.5398,13.009421380952382
920.7834,12.957115904761906
921.0270000000002,13.023991238095237
921.2706000000001,13.192350571428571
921.5142000000001,13.330523380952378
921.7576999999997,13.312048857142857
922.0013000000001,13.230080238095237
922.2449000000001,13.060941047619044
922.4883999999997,13.12573547619048
922.7319000000001,13.05521833333333
922.9755000000002,12.97142780952381
923.2190000000006,12.84574676190476
923.4625000000001,12.869683857142858
923.7059999999997,12.76924276190476
923.9495000000001,12.818943666666666
924.1929999999996,12.650065428571427
924.4364,12.553525857142859
924.6798999999995,12.603747190476192
924.9232999999999,12.521781047619047
925.1667999999994,12.563414571428572
925.4101999999998,12.389590809523812
925.6536000000001,12.267551857142857
925.8970999999997,12.173354238095238
926.1405,12.312307952380953
926.3839000000004,12.440333761904762
926.6272000000002,12.378661904761904
926.8705999999997,12.45386338095238
927.114,12.554566285714285
927.3572999999999,12.603227142857143
927.6006999999994,12.593078
927.8440000000006,12.453084666666664
928.0874000000001,12.44449661904762
928.3307,12.386989904761906
928.5740000000002,12.394796285714284
928.8173,12.350559095238095
929.0606000000004,12.290971333333331
929.3039000000002,12.395576095238098
929.5471,12.472859952380954
929.7904000000003,12.739838476190476
930.0337,12.631850428571427
930.2769000000004,12.485088714285713
930.5201000000002,12.435910285714288
930.7634,12.520219047619047
931.0066000000003,12.571219428571428
931.2498,12.65891276190476
931.4929999999999,12.642518761904764
931.7361999999997,12.614155095238097
931.9793999999999,12.514753952380952
932.2225000000001,12.57694542857143
932.4657000000003,12.401823523809526
932.7088000000001,12.301897666666667
932.9519999999999,12.248816238095236
933.1951000000005,12.436168047619049
933.4382000000003,12.585532380952381
933.6814,12.641737761904762
933.9244999999997,12.50746885714286
934.1676000000003,12.519959142857143
934.4105999999996,12.626646285714287
934.6537000000002,12.707052571428573
934.8968,12.79604542857143
935.1398000000005,12.760134952380952
935.3829000000002,12.782774428571429
935.6258999999994,12.768201238095239
935.869,12.747643619047619
936.1119999999997,12.523080809523808
936.3549999999998,12.456466285714285
936.5979999999998,12.477541952380953
936.8410000000001,12.445797523809523
937.0840000000002,12.686235285714284
937.3269,12.481966476190475
937.5699,12.401820428571428
937.8129000000005,12.382565857142858
938.0557999999996,12.283943857142859
938.2986999999997,12.165027238095236
938.5417000000002,12.270153761904762
938.7845999999994,12.02893638095238
939.0274999999999,12.199636095238096
939.2704,12.32818023809524
939.5133,12.484829952380954
939.7562,12.545198142857146
939.999,12.554306619047622
940.2419000000006,12.611812142857142
940.4847000000005,12.681290714285714
940.7275999999997,12.734374095238095
940.9703999999997,12.709913428571426
941.2131999999997,12.595682047619047
941.4559999999997,12.822327
941.6987999999997,12.711735952380954
941.9415999999997,12.68597561904762
942.1843999999996,12.58527142857143
942.4271999999996,12.476503285714289
942.6699999999996,12.37710019047619
942.9127000000004,12.400260190476187
943.1555000000004,12.41249133333333
943.3981999999999,12.390891761904763
943.6408999999999,12.26937338095238
943.8836999999999,12.282903571428573
944.1263999999998,12.240749809523809
944.3691000000001,12.197554095238095
944.6118,12.024772333333331
944.8543999999999,12.181681047619048
945.0970999999994,12.189487238095236
945.3398000000002,12.285765523809525
945.5823999999997,12.178038190476192
945.8251000000001,12.177777047619045
946.0676999999998,12.232161857142856
946.3102999999998,12.323757238095238
946.5530000000001,12.249076619047619
946.7956,12.243351238095237
947.0381999999994,12.09294819047619
947.2806999999997,12.162684
947.5233000000004,12.112983952380953
947.7658999999999,12.112202142857145
948.0084,11.966744571428572
948.251,11.895967285714283
948.4935000000003,12.110381904761905
948.7360999999996,12.221232809523812
948.9785999999999,12.502004904761902
949.2211000000001,12.395317333333335
949.4635999999995,12.383608095238095
949.7060999999998,12.238407380952381
949.9485999999999,12.12183261904762
950.1911,12.292012380952386
950.4334999999995,12.28290380952381
950.6759999999998,12.182201571428571
950.9184,12.252198714285715
951.1609000000002,12.254540952380951
951.4032999999998,12.324277333333336
951.6457000000006,12.320894761904759
951.8880999999999,12.275878095238093
952.1304999999996,12.318033809523808
952.3728999999998,12.50278380952381
952.6153,12.627166666666668
952.8575999999997,12.626126666666668
953.0999999999999,12.727088571428572
953.3424,12.776268571428572
953.5846999999998,12.829611904761908
953.8269999999999,12.775748095238097
954.0694000000001,12.725788095238096
954.3116999999997,12.54676
954.5539999999999,12.51709523809524
954.7963000000001,12.540774761904762
955.0386000000001,12.648244761904762
955.2808000000002,12.65917285714286
955.5230999999999,12.687015238095238
955.7654,12.497839523809521
956.0076000000005,12.576945238095236
956.2498,12.375018095238095
956.4920999999998,12.53687142857143
956.7342999999998,12.564456190476191
956.9765000000003,12.687014761904763
957.2187,12.72916857142857
957.4608999999999,12.767680952380957
957.7031000000001,12.662034761904764
957.9451999999997,12.698203333333332
958.1874000000001,12.755971904761903
958.4295999999998,12.894145238095238
958.6717000000002,12.940985238095239
958.9137999999998,12.929534761904765
959.1559999999994,12.96310142857143
959.3980999999999,12.978974285714283
959.6402000000003,12.925370476190475
959.8822999999999,12.957116666666666
960.1244000000003,12.805934285714283
960.3664000000002,12.913141428571429
960.6084999999998,12.80957714285714
960.8506000000002,12.706792380952379
961.0926,12.546760476190478
961.3346999999998,12.675826666666667
961.5767000000001,12.642779523809525
961.8187,12.791359523809522
962.0607000000001,12.679990476190477
962.3027,12.862398571428567
962.5446999999999,12.906375238095238
962.7867000000002,12.871245714285713
963.0287000000002,12.803070476190477
963.2706000000001,12.539475238095239
963.5126000000001,12.512932380952382
963.7544999999994,12.335465714285712
963.9965000000001,12.54546
964.2383999999997,12.603748095238094
964.4802999999996,12.61415476190476
964.7221999999999,12.689877142857139
964.9641,12.551965238095239
965.2059999999997,12.616758095238097
965.4478999999995,12.702367619047621
965.6897,12.613374285714285
965.9316000000001,12.507987142857143
966.1733999999999,12.38646952380952
966.4153000000002,12.380483333333334
966.6571000000001,12.368775238095239
966.8988999999999,12.670360952380953
967.1408,12.791361428571431
967.3826000000005,12.830913333333331
967.6242999999997,13.055996190476192
967.8660999999996,13.09580904761905
968.1078999999994,13.171791904761907
968.3496999999999,13.219151904761905
968.5914000000001,13.281082380952382
968.8332000000006,13.327140000000002
969.0748999999998,13.514754285714286
969.3165999999997,13.564713809523807
969.5583000000003,13.55274523809524
969.8001000000002,13.480405238095237
970.0417000000002,13.401560952380951
970.2834,13.285765714285715
970.5251,13.346655714285713
970.7668,13.32245761904762
971.0084,13.379704285714283
971.2501000000001,13.317253333333335
971.4917,13.412750476190473
971.7334,13.56367619047619
971.9749999999999,13.673224285714287
972.2166,13.840281428571425
972.4582000000006,13.977414761904763
972.6997999999999,13.85433285714286
972.9413999999999,13.818421428571428
973.1830000000006,13.736715238095238
973.4245,13.746864285714285
973.6660999999999,13.72032285714286
973.9076,13.851730952380954
974.1492000000001,13.694561904761905
974.3907000000002,13.702888095238094
974.6322,13.722404285714282
974.8736999999999,13.875409999999999
975.1152,13.992505714285713
975.3567,14.047151428571429
975.5982000000001,14.108300476190474
975.8395999999997,14.153056666666668
976.0810999999998,14.078117142857144
976.3225999999997,14.314649999999999
976.5639999999999,14.3047619047619
976.8054000000001,14.220973333333333
977.0467999999998,14.019828095238093
977.2882999999999,14.134842857142855
977.5296999999995,14.245953333333338
977.7711000000004,14.342491904761903
978.0123999999998,14.385427142857143
978.2538,14.379961904761904
978.4952,14.288888571428572
978.7364999999994,14.063545714285713
978.9779000000003,14.010199523809522
979.2191999999998,14.145770000000002
979.4605,14.139786190476189
979.7019,14.250636666666667
979.9432000000002,14.193129523809525
980.1844999999997,14.127297142857143
980.4257,14.220193333333336
980.667,14.417694761904759
980.9082999999995,14.46063
981.1496000000003,14.6901380952381
981.3908,14.631849999999996
981.6320000000001,14.395576666666662
981.8732999999996,14.144470476190474
982.1144999999999,14.044027142857143
982.3556999999998,13.951391904761905
982.5969000000002,13.945147142857142
982.8381000000005,13.869424285714285
983.0793,13.982357142857143
983.3205000000003,13.876709523809522
983.5616000000006,13.840800476190477
983.8028,13.644340000000003
984.0439000000002,13.65630904761905
984.2851000000006,13.59073761904762
984.5262,13.516315714285714
984.7672999999998,13.602445714285714
985.0084,13.651887142857142
985.2495000000004,13.824147619047618
985.4906,13.851469523809525
985.7317,13.839240952380957
985.9726999999998,13.804632380952379
986.2138,13.78173285714286
986.4549000000003,13.732812380952385
986.6959,13.48847285714286
986.9369000000003,13.347438095238099
987.1779,13.230079999999997
987.4190000000003,13.237366190476191
987.6600000000001,13.26104619047619
987.9010000000003,13.446578095238097
988.1419,13.467914761904762
988.3829000000002,13.656571428571429
988.6239,13.40260285714286
988.8647999999997,13.543637619047615
989.1058000000002,13.654228571428572
989.3467000000005,13.703149523809522
989.5876,13.73385380952381
989.8284999999998,13.62768523809524
990.0695000000001,13.622482380952379
990.3103999999998,13.592038095238095
990.5512000000003,13.676345238095237
990.7921,13.77835095238095
991.0329999999998,13.760656190476192
991.2738,13.737236666666664
991.5147,13.955295238095237
991.7554999999996,14.12885666666667
991.9964,14.167629523809524
992.2371999999998,14.155399047619044
992.4779999999995,14.185585238095237
992.7188,14.19989619047619
992.9595999999997,14.308925714285717
993.2004000000002,14.319073809523807
993.4411,14.229040000000003
993.6818999999998,14.170750952380951
993.9226999999995,14.083319523809523
994.1634,14.25844380952381
994.4041,14.31699142857143
994.6448999999997,14.402080476190477
994.8856000000001,14.409887142857144
995.1263000000001,14.329742380952377
995.3669999999997,14.31595
995.6077000000002,14.450740952380958
995.8483000000001,14.35732476190476
996.0890000000002,14.35758476190476
996.3296999999998,14.329482380952378
996.5702999999997,14.287068095238096
996.8109000000002,14.4242
997.0515999999999,14.415613333333336
997.2922000000001,14.370855714285716
997.5328000000005,14.362009047619049
997.7733999999996,14.25219761904762
998.0139999999996,14.22149476190476
998.2546,14.215769761904761
998.4950999999999,14.394273809523812
998.7357000000001,14.292271904761904
998.9762999999998,14.474941904761904
999.2167999999997,14.579286666666665
999.4573000000005,14.577984761904762
999.6978000000004,14.523861904761905
999.9383999999994,14.314129999999999
1000.1789999999999,14.12313257142857
1000.4190000000003,14.072912380952378
1000.6600000000001,14.119489238095237
1000.9000000000001,14.144209571428572
1001.1409999999998,14.11480576190476
1001.381,14.301379619047614
1001.6219999999997,14.291752190476192
1001.862,14.426282380952381
1002.1029999999995,14.499402380952382
1002.3430000000004,14.496799047619046
1002.583,14.44970142857143
1002.8240000000002,14.345876190476194
1003.0639999999999,14.252198095238096
1003.3050000000001,14.38438761904762
1003.5449999999996,14.29175142857143
1003.7850000000001,14.177517619047617
1004.0260000000003,14.149415714285713
1004.2659999999998,14.207962857142858
1004.506,14.25037761904762
1004.7469999999997,14.371897142857144
1004.987,14.316991904761906
1005.227,14.200676190476193
1005.4680000000004,14.032838571428572
1005.708,13.856414285714285
1005.9480000000001,13.809315714285715
1006.1879999999996,13.76638
1006.4289999999999,13.784596190476194
1006.6690000000003,13.725267619047619
1006.9089999999999,13.799687619047617
1007.149,13.77991238095238
1007.3899999999998,13.93682
1007.63,13.819465238095237
1007.87,13.77704857142857
1008.1100000000002,13.823886666666667
1008.3499999999999,13.99719
1008.5899999999999,14.098932380952379
1008.8309999999997,13.965442857142856
1009.0710000000001,13.880874761904764
1009.3110000000001,13.795785238095242
1009.5509999999998,13.80463142857143
1009.791,13.795264285714284
1010.0309999999994,13.716940476190473
1010.2710000000003,13.65032571428571
1010.511,13.60947238095238
1010.7520000000002,13.79214142857143
1010.9919999999997,13.897789047619048
1011.232,14.06198333333333
1011.4720000000002,13.924850000000001
1011.7119999999998,13.814780476190476
1011.9520000000001,13.832213809523811
1012.1919999999994,13.784336190476191
1012.4320000000004,13.74088
1012.672,13.69820380952381
1012.912,13.94592761904762
1013.1520000000005,13.844184285714286
1013.392,13.78615761904762
1013.6320000000001,13.607389999999999
1013.8719999999997,13.651105238095235
1014.112,13.664897142857146
1014.352,13.778609523809527
1014.5910000000001,14.006818095238092
1014.8309999999997,14.16268619047619
1015.0710000000001,14.277180000000001
1015.3110000000001,14.201976190476191
1015.5509999999998,14.101015714285714
1015.791,14.100233333333332
1016.0309999999994,14.186883809523806
1016.2710000000003,14.308404761904765
1016.511,14.20171761904762
1016.75,14.258964761904762
1016.9900000000002,14.191309523809522
1017.2299999999998,14.162424761904761
1017.4700000000001,14.246473333333332
1017.7099999999995,14.30033857142857
1017.9490000000002,14.361747619047621
1018.1889999999999,14.455685238095235
1018.4289999999999,14.393494285714283
1018.6690000000003,14.425501428571433
1018.9079999999998,14.278741428571427
1019.148,14.156699523809523
1019.388,13.985479523809524
1019.6280000000003,14.110641904761906
1019.8669999999997,14.19677380952381
1020.107,14.262607142857142
1020.3470000000002,14.239708571428569
1020.5859999999997,14.12495380952381
1020.8260000000006,14.09034619047619
1021.0659999999999,13.956335714285713
1021.3050000000001,13.959197619047618
1021.5449999999996,14.04012476190476
1021.7850000000001,13.901170476190478
1022.024,13.848869523809526
1022.2639999999996,13.952952857142856
1022.5040000000005,14.04194619047619
1022.7429999999999,14.13484238095238
1022.983,14.119750000000002
1023.2220000000002,14.02555238095238
1023.4619999999998,14.013583809523809
1023.7020000000001,13.887900476190474
1023.9409999999999,13.937860952380953
1024.1810000000003,14.01670523809524
1024.4199999999996,13.950350476190476
1024.66,13.99771
1024.8990000000001,13.92563095238095
1025.1389999999997,13.83767904761905
1025.3780000000002,13.604007142857146
1025.6179999999997,13.565755714285713
1025.857,13.456465714285715
1026.0970000000004,13.292532857142858
1026.3359999999998,13.31699142857143
1026.5750000000003,13.326879047619048
1026.8149999999998,13.291750476190476
1027.054,13.277179523809522
1027.2940000000006,13.403642380952379
1027.5329999999997,13.172572857142857
1027.773,13.238668095238094
1028.012,13.357585714285714
1028.251,13.415092380952379
1028.4910000000004,13.401822380952384
1028.7299999999998,13.400519523809526
1028.9690000000005,13.325838571428568
1029.209,13.189227142857144
1029.448,13.20406
1029.6869999999994,13.29669476190476
1029.927,13.29565523809524
1030.166,13.325318571428573
1030.405,13.278219047619048
1030.6450000000002,12.978454761904759
1030.8839999999996,12.784596666666667
1031.1229999999998,12.756232857142859
1031.3620000000005,12.685194285714287
1031.602,12.868122857142854
1031.8410000000001,12.81061714285714
1032.0800000000004,12.802030476190478
1032.3189999999997,12.657611428571428
1032.5580000000004,12.538173333333331
1032.798,12.494458095238096
1033.037,12.608430476190476
1033.2760000000005,12.492116666666666
1033.5149999999999,12.504085238095238
1033.7540000000004,12.48378904761905
1033.9929999999997,12.600105714285714
1034.233,12.520478095238095
1034.4720000000004,12.443195714285716
1034.7109999999998,12.495758095238093
1034.9500000000003,12.511372857142858
1035.1889999999996,12.445797142857142
1035.428,12.26885142857143
1035.6670000000001,12.169190952380953
1035.9059999999995,12.147333333333334
1036.1450000000002,12.157740952380955
1036.3839999999996,12.225398095238095
1036.6229999999998,12.153318571428569
1036.8620000000005,12.085402380952381
1037.1009999999999,11.99094414285714
1037.34,11.870206380952382
1037.5790000000004,11.73723680952381
1037.8179999999998,11.675305714285711
1038.0570000000002,11.555608380952382
1038.2959999999996,11.658913000000002
1038.535,11.661775952380951
1038.7740000000001,11.638355952380952
1039.0129999999995,11.638355714285714
1039.2520000000002,11.512671619047618
1039.4910000000004,11.516055095238093
1039.7299999999998,11.550663333333334
1039.9690000000005,11.792401904761908
1040.2079999999999,11.582151428571429
1040.447,11.531148095238095
1040.6850000000002,11.759354761904762
1040.9239999999995,11.83143380952381
1041.1630000000002,11.75701380952381
1041.4020000000005,11.693520476190473
1041.6409999999998,11.795524285714285
1041.8800000000006,11.710174761904764
1042.1179999999997,11.728129523809523
1042.357,11.614416190476193
1042.5960000000002,11.619881428571427
1042.8349999999996,11.536352190476189
1043.0740000000003,11.402341714285715
1043.3119999999994,11.303461904761905
1043.5509999999997,11.287327857142856
1043.7900000000004,11.489252333333333
1044.0289999999998,11.529846047619051
1044.267,11.308404571428568
1044.506,11.30424138095238
1044.7449999999994,11.330524380952383
1044.983,11.426542809523811
1045.2220000000004,11.612854857142855
1045.4609999999998,11.762737428571429
1045.6990000000003,11.748686095238096
1045.9380000000006,11.719282000000002
1046.177,11.348217285714286
1046.4150000000004,11.25584147619048
1046.6539999999998,11.088264285714288
1046.893,11.160865095238094
1047.131,11.238407190476194
1047.3699999999994,11.340672190476193
1047.608,11.262606666666665
1047.8470000000004,11.330262380952378
1048.0859999999998,11.254280333333334
1048.3240000000003,11.376581142857141
1048.5630000000006,11.287587809523805
1048.8009999999997,11.26546923809524
1049.0400000000004,11.214208523809523
1049.2779999999996,11.12443461904762
1049.517,11.125215714285714
1049.7550000000006,11.257402952380955
1049.994,11.350299285714286
1050.232,11.463232095238094
1050.4710000000002,11.296435476190476
1050.709,11.002393952380956
1050.948,11.037262857142855
1051.1860000000004,11.168409523809524
1051.4239999999995,11.11480642857143
1051.6630000000002,11.06588538095238
1051.9010000000005,10.976632476190476
1052.1399999999999,10.934478428571431
1052.3780000000002,11.059121238095237
1052.6160000000004,11.078115666666665
1052.8549999999998,11.111682666666665
1053.0930000000003,11.119750285714284
1053.3319999999997,11.02477133333333
1053.57,11.128857047619046
1053.8080000000004,11.25245942857143
1054.0469999999998,11.293051857142858
1054.285,11.33286361904762
1054.523,11.130679904761907
1054.7609999999997,11.260786714285716
1055.0,11.27327604761905
1055.238,11.133541476190477
1055.4759999999999,10.966483714285713
1055.715,10.933437142857144
1055.9530000000002,10.934479142857143
1056.191,10.800728809523811
1056.429,10.854591619047621
1056.6670000000001,10.882957000000001
1056.9059999999995,10.988082142857142
1057.144,10.858755999999998
1057.3820000000003,10.843143380952382
1057.6199999999994,10.933177285714287
1057.858,10.896486952380954
1058.0970000000004,10.83091419047619
1058.3349999999996,10.531407285714286
1058.573,10.467134142857143
1058.8110000000004,10.582669428571428
1059.0489999999995,10.738797523809524
1059.287,10.67894861904762
1059.5250000000003,10.500962523809525
1059.7629999999995,10.336248047619048
1060.001,10.265730095238094
1060.2390000000003,10.256362095238094
1060.4779999999996,10.15435876190476
1060.7160000000001,10.274836809523809
1060.9540000000004,10.354202
1061.1919999999996,10.511371333333333
1061.43,10.33364457142857
1061.6680000000003,10.114805666666667
1061.9059999999995,9.97871442857143
1062.144,9.895706619047619
1062.3820000000003,9.790059809523811
1062.6199999999994,9.828570857142855
1062.858,9.578765523809526
1063.0960000000002,9.480405904761904
1063.3329999999999,9.448919904761905
1063.571,9.406246333333335
1063.809,9.351079761904762
1064.0469999999998,9.311527095238095
1064.285,9.299557904761903
1064.523,9.261306714285714
1064.7609999999997,9.24231038095238
1064.999,9.320894904761907
1065.2370000000005,9.36331019047619
1065.4739999999995,9.337028238095236
1065.7119999999998,9.12183204761905
1065.9500000000003,9.023731761904761
1066.1880000000006,9.05599757142857
1066.4259999999997,9.174655238095236
1066.6640000000002,9.110902666666668
1066.9010000000005,8.964662571428573
1067.1389999999997,8.998490428571428
1067.3770000000002,8.969867333333333
1067.6150000000005,8.874889333333332
1067.852,8.810877095238096
1068.09,8.564194285714287
1068.3280000000002,8.37033542857143
1068.566,8.25870404761905
1068.803,8.100233761904763
1069.041,8.047411047619047
1069.2789999999998,8.02034876190476
1069.5159999999998,7.97923480952381
1069.7540000000004,7.883216142857144
1069.9919999999995,7.841321904761907
1070.2289999999998,7.858756142857142
1070.4670000000003,7.883216285714287
1070.7050000000004,7.9932864761904785
1070.9419999999996,7.904814000000003
1071.18,7.772105095238094
1071.4180000000003,7.577465571428573
1071.655,7.6076502857142865
1071.893,7.542076523809523
1072.1300000000006,7.518397190476189
1072.3679999999997,7.574603142857143
1072.6049999999998,7.602706190476193
1072.8430000000003,7.700806666666668
1073.0809999999994,7.666718714285715
1073.3179999999998,7.637835095238097
1073.5560000000003,7.538693809523811
1073.7930000000003,7.465313523809523
1074.0309999999995,7.5368722380952375
1074.268,7.510330428571427
1074.506,7.599323523809525
1074.7429999999997,7.663596142857144
1074.981,7.655009047619049
1075.2180000000003,7.830392952380952
1075.4550000000004,7.810877047619049
1075.6929999999998,7.697684190476191
1075.93,7.732292523809524
1076.1680000000003,7.732032333333332
1076.405,7.825448857142856
1076.642,7.849648714285714
1076.8800000000006,7.915222428571427
1077.1169999999995,7.825969142857141
1077.3549999999998,7.984179190476192
1077.5920000000003,8.135623190476188
1077.8290000000004,8.09346880952381
1078.0669999999996,8.270153333333333
1078.304,8.330783523809524
1078.541,8.496538809523807
1078.7789999999998,8.595680666666667
1079.0159999999998,8.70184723809524
1079.2530000000002,8.751808666666667
1079.4900000000005,8.571740619047619
1079.7279999999996,8.639136238095237
1079.965,8.481706904761905
1080.202,8.427322666666669
1080.4389999999996,8.370335523809525
1080.677,8.39323442857143
1080.9140000000002,8.326359952380951
1081.1510000000005,8.43200604761905
1081.3879999999995,8.528545619047621
1081.625,8.559770619047617
1081.863,8.347957047619051
1082.0999999999997,8.380744523809522
1082.3369999999998,8.227998809523811
1082.5740000000003,8.397918285714287
1082.8110000000004,8.54623980952381
1083.048,8.539474333333333
1083.285,8.384127047619048
1083.5220000000004,8.296434952380954
1083.7599999999995,8.348477761904762
1083.9969999999998,8.35524338095238
1084.2340000000002,8.447879095238095
1084.4710000000002,8.570700238095238
1084.7079999999999,8.587353380952383
1084.945,8.632110428571428
1085.1820000000002,8.519177714285714
1085.4190000000006,8.595420380952381
1085.6559999999995,8.71381742857143
1085.893,8.868124285714284
1086.1300000000006,8.906635333333334
1086.3669999999995,9.047670904761905
1086.6039999999998,9.10075419047619
1086.8410000000001,9.158782523809522
1087.0780000000002,9.016185047619045
1087.3149999999998,8.991465190476188
1087.552,8.939682666666666
1087.7890000000002,8.895706380952381
1088.0260000000005,8.631850142857143
1088.262,8.543637904761905
1088.499,8.587873952380955
1088.7360000000003,8.708873380952381
1088.9729999999995,8.492375904761904
1089.2099999999996,8.513192809523813
1089.447,8.506687666666666
1089.684,8.359667095238095
1089.9209999999996,8.312828523809523
1090.1569999999997,8.449700714285715
1090.394,8.392714047619044
1090.631,8.562893619047617
1090.8679999999997,8.451001761904761
1091.1049999999998,8.416133428571428
1091.3410000000001,8.463231904761903
1091.5780000000002,8.463752428571429
1091.8149999999998,8.294613619047617
1092.052,8.237106333333333
1092.2880000000002,8.323237095238095
1092.5250000000003,8.227478476190473
1092.762,8.113765380952382
1092.999,8.004215523809522
1093.2350000000001,7.87332819047619
1093.4720000000004,7.696122761904761
1093.709,7.533749857142858
1093.945,7.617538428571429
1094.1820000000002,7.5155348095238095
1094.4190000000006,7.569138714285716
1094.655,7.500962761904762
1094.892,7.574342952380954
1095.1280000000002,7.569659
1095.3650000000005,7.602185857142858
1095.602,7.537652904761906
1095.838,7.417954714285713
1096.0750000000003,7.294873666666665
1096.3110000000004,7.368514285714285
1096.548,7.204839999999998
1096.7839999999999,7.261046047619046
1097.0210000000002,7.306323095238095
1097.2580000000005,7.216289476190475
1097.494,7.148373666666665
1097.731,7.373978666666669
1097.9670000000003,7.410929047619045
1098.2040000000004,7.3018995238095235
1098.4399999999998,7.2665106190476205
1098.677,7.353421809523809
1098.9130000000002,7.336247666666667
1099.1490000000001,7.328181142857142
1099.3859999999997,7.23086123809524
1099.6219999999998,7.285506190476191
1099.8590000000002,7.115586857142858
1100.095,6.991204761904761
1100.3319999999997,6.983398285714285
1100.5679999999998,6.98131661904762
1100.804,6.89752795238095
1101.041,6.809575904761904
1101.2770000000005,6.750247047619049
1101.5129999999995,6.845485285714285
1101.75,6.871246238095237
1101.9860000000003,7.060941904761906
1102.2220000000004,7.176997190476191
1102.459,7.405464476190477
1102.695,7.572781523809521
1102.9310000000003,7.476502761904764
1103.1680000000003,7.439812714285715
1103.4039999999998,7.590476285714286
1103.6399999999999,7.4754619999999985
1103.876,7.590476238095239
1104.113,7.717460333333334
1104.3489999999995,7.701847523809523
1104.5849999999996,7.691959476190478
1104.821,7.702368142857143
1105.0570000000002,7.561852857142857
1105.2940000000006,7.533749619047619
1105.53,7.564454857142858
1105.7659999999998,7.492375714285712
1106.0020000000002,7.557689380952382
1106.238,7.690658380952381
1106.4739999999995,7.7705439047619045
1106.7109999999998,7.692219619047618
1106.947,7.603486952380952
1107.1830000000004,7.557689238095238
1107.4190000000006,7.4335675714285685
1107.655,7.32011461904762
1107.8909999999998,7.449960904761904
1108.1270000000002,9.685714285714285
1108.363,7.463491885714284
1108.5989999999995,7.019048057142857
1108.8349999999996,11.669841380952377
1109.071,18.19365095238095
1109.3070000000002,16.92380919047619
1109.5430000000003,11.034920414761904
1109.7789999999998,11.780952380952382
1110.0149999999999,7.479365324285713
1110.251,7.4476191047619045
1110.4870000000005,11.606349261904763
1110.7229999999995,5.177778238095239
1110.959,11.765079
1111.195,16.25714219047619
1111.4310000000003,6.923809039047619
1111.6670000000001,13.034921523809524
1111.9029999999996,2.352381161904762
1112.1389999999997,1.2253968666666668
1112.375,5.844444476666667
1112.6110000000003,6.701586752380952
1112.8470000000004,9.225395714285714
1113.0819999999997,7.955554714285715
1113.3179999999998,8.47936461904762
1113.554,11.733332380952378
1113.7900000000004,5.701586904761905
1114.0260000000005,2.987301228285715
1114.262,0.6539681047619048
1114.4969999999998,3.6222219047619046
1114.733,1.2253968476190473
1114.9690000000005,10.542856619047619
