Wavelength(nm),Intensity
195.1292,0.0
195.39600000000004,0.0
195.66289999999995,0.0
195.92979999999991,0.0
196.1966000000001,0.0
196.46349999999995,0.0
196.73030000000006,0.0
196.9971999999999,0.0
197.2640000000001,0.0
197.53080000000008,0.0
197.79770000000005,0.0
198.06450000000004,0.0
198.33129999999994,0.0
198.59810000000004,0.0
198.86489999999995,0.0
199.13160000000002,0.0
199.3984,0.0
199.6652,0.0
199.9319999999999,0.0
200.19869999999995,0.0
200.46549999999993,0.0
200.7322,0.0
200.99889999999996,0.0
201.26569999999995,0.0
201.53240000000002,0.0
201.79910000000007,0.0
202.0658,0.0
202.33250000000007,0.0
202.5992,0.0
202.8658999999999,0.0
203.13259999999994,0.0
203.39919999999995,0.0
203.6659,0.0
203.93249999999992,0.0
204.1992,0.0
204.46579999999997,0.0
204.73250000000004,0.0
204.9991,0.0
205.26569999999995,0.0
205.53229999999994,0.0
205.7988999999999,0.0
206.06550000000001,0.0
206.33209999999997,0.0
206.5987000000001,0.0
206.86530000000005,0.0
207.1319,0.0
207.3984,0.0
207.665,0.0
207.9315,0.0
208.19809999999995,0.0
208.46459999999993,0.0
208.7311,0.0
208.99769999999992,0.0
209.26419999999996,0.0
209.53069999999994,0.0
209.7972,0.0
210.0637,0.0
210.3302,0.0
210.59659999999994,0.0
210.86309999999992,0.0
211.12960000000012,0.0
211.39600000000004,0.0
211.66250000000002,0.0
211.9288999999999,0.0
212.19539999999995,0.0
212.4618,0.0
212.7281999999999,0.0
212.9946,0.0
213.26100000000008,0.0
213.52739999999997,0.0
213.79380000000003,0.0
214.06019999999992,0.0
214.3266,0.0
214.59299999999993,0.0
214.85930000000005,0.0
215.12569999999994,0.0
215.3919999999999,0.0
215.6584,0.0
215.92469999999992,0.0
216.1909999999999,0.0
216.45740000000012,0.0
216.7237000000001,0.0
216.9899999999999,0.0
217.2563,0.0
217.52260000000012,0.0
217.78889999999993,0.0
218.05509999999992,0.0
218.3213999999999,0.0
218.5877,0.0
218.85390000000004,0.0
219.12020000000004,0.0
219.38640000000007,0.0
219.65269999999998,0.0
219.9189,0.0
220.18509999999995,0.0
220.45129999999997,0.0
220.7175,0.0
220.98369999999989,0.0
221.24989999999988,0.0
221.5160999999999,0.0
221.78229999999994,0.0
222.0484999999999,0.0
222.31459999999996,0.0
222.58079999999998,0.0
222.8469000000001,0.0
223.11309999999992,0.0
223.37920000000005,0.0
223.64530000000005,0.0
223.91150000000007,0.0
224.1776,0.0
224.4436999999999,0.0
224.70979999999997,0.0
224.97590000000002,0.0
225.2420000000001,0.0
225.5079999999999,0.0
225.77409999999998,0.0
226.04020000000003,0.0
226.3062,0.0
226.5722999999999,0.0
226.8383,0.0
227.10440000000008,0.0
227.37039999999988,0.0
227.63640000000007,0.0
227.90239999999997,0.0
228.16839999999988,0.0
228.43440000000007,0.0
228.70039999999997,0.0
228.9664,0.0
229.23239999999996,0.0
229.4984000000001,0.0
229.7642999999999,0.0
230.03030000000004,0.0
230.29619999999986,0.0
230.56220000000005,0.0
230.82809999999998,0.0
231.09400000000002,0.0
231.35990000000007,0.0
231.6259,0.0
231.89180000000002,0.0
232.1577,0.0
232.42360000000005,0.0
232.68940000000012,0.0
232.95529999999994,0.0
233.22119999999998,0.0
233.48710000000003,0.0
233.7529000000001,0.0
234.0187999999999,0.0
234.28459999999998,0.0
234.55040000000005,0.0
234.8163000000001,0.0
235.08209999999994,0.0
235.3479,0.0
235.6136999999999,0.0
235.8795,0.0
236.14530000000005,0.0
236.4111,0.0
236.67690000000007,0.0
236.94260000000006,0.0
237.20840000000013,0.0
237.47410000000005,0.0
237.7398999999999,0.0
238.0056000000001,0.0
238.27139999999994,0.0
238.53709999999992,0.0
238.80280000000008,0.0
239.06850000000006,0.0
239.33420000000015,0.0
239.59990000000008,0.0
239.86560000000006,0.0
240.1313,0.0
240.39699999999996,0.0
240.66259999999997,0.0
240.9282999999999,0.0
241.1940000000001,0.0
241.45960000000005,0.0
241.72519999999994,0.0
241.99089999999987,0.0
242.2565000000001,0.0
242.52210000000005,0.0
242.78769999999994,0.0
243.0532999999999,0.0
243.31890000000013,0.0
243.58449999999996,0.0
243.85009999999997,0.0
244.11570000000006,0.0
244.3811999999999,0.0
244.64680000000013,0.0
244.91240000000008,0.0
245.17789999999994,0.0
245.44340000000008,0.0
245.70899999999992,0.0
245.97450000000003,0.0
246.23999999999987,0.0
246.50550000000013,0.0
246.77099999999996,0.0
247.03650000000007,0.0
247.30199999999994,0.0
247.56750000000008,0.0
247.83299999999994,0.0
248.09839999999994,0.0
248.36390000000006,0.0
248.6293999999999,0.0
248.8948,0.0
249.16020000000003,0.0
249.42569999999986,0.0
249.6911,0.0
249.95650000000015,0.0
250.22190000000015,9.178979125000003
250.48729999999986,9.07037229166667
250.7527,8.676475125000003
251.01810000000015,8.743186249999999
251.28349999999986,9.030299874999999
251.54889999999986,8.999333791666666
251.8141999999999,8.93307816666667
252.0796,9.251384416666665
252.34490000000002,9.658942916666666
252.61030000000005,9.49773941666667
252.87560000000005,9.235673000000002
253.14090000000002,8.725198791666667
253.40629999999996,8.607030875000001
253.67159999999998,9.366820166666665
253.93689999999995,9.420326958333332
254.20219999999995,9.9059825
254.46749999999997,9.652566166666666
254.73279999999986,9.813086333333331
254.9979999999999,9.895053583333336
255.26329999999993,9.578796208333335
255.52859999999995,9.188769333333331
255.79380000000006,9.21472625
256.0591000000001,9.809443
256.32430000000016,10.070144916666663
256.5896000000002,10.038951416666668
256.8548,10.249107124999998
257.11999999999995,10.287812666666666
257.38519999999994,10.362265708333334
257.65040000000016,10.520736999999999
257.91560000000004,10.474062541666669
258.18080000000003,10.571967458333331
258.44599999999997,10.646191041666667
258.71119999999996,10.618414291666667
258.97630000000004,10.503887958333332
259.24150000000003,10.35452525
259.50669999999997,10.39869754166667
259.77180000000016,10.421237708333337
260.0369,10.636629000000001
260.30209999999994,10.691501541666666
260.5672000000001,10.893231958333336
260.8323,10.961993041666668
261.09739999999994,10.697194583333335
261.3625000000001,10.503886541666668
261.62759999999986,10.521646499999997
261.89270000000005,10.577205166666666
262.1578,10.495918625000003
262.42289999999986,10.462448125000002
262.68800000000005,10.941957291666666
262.9529999999998,11.264589999999998
263.2181,11.011630000000002
263.4831000000001,10.73886175
263.7482,10.81490725
264.01320000000004,11.162584708333334
264.27819999999997,11.213815083333335
264.5432,11.076748166666663
264.8082000000001,11.412812416666666
265.0731999999999,11.314224000000001
265.3382000000001,11.21313095833333
265.60319999999984,10.971784791666666
265.86819999999994,11.118870916666665
266.13320000000016,11.254342541666665
266.39810000000006,11.209717833333334
266.6630999999998,11.086994166666665
266.92810000000003,11.244781333333334
267.19300000000015,10.994098791666671
267.45790000000005,10.551018374999998
267.7228999999998,10.842231791666668
267.98779999999994,10.937859291666667
268.2527,10.74478091666667
268.5176000000001,10.082894583333337
268.7825000000002,9.985216625000001
269.0474000000001,10.167595583333332
269.3122999999999,10.064908041666666
269.57719999999995,9.950382333333332
269.8419999999999,9.502977958333334
270.1068999999998,9.387084791666664
270.37179999999995,9.250700666666667
270.6365999999999,9.301929666666668
270.90139999999997,9.155755124999999
271.1662999999999,9.046237875000003
271.43109999999984,9.12091920833333
271.69589999999994,9.303068749999998
271.9606999999999,9.183988666666664
272.2255000000002,8.780072291666668
272.4903000000001,8.555346041666668
272.7551000000001,8.74774
273.0199000000002,8.713587166666665
273.2847000000001,8.847240708333334
273.5495,8.7664115
273.81419999999986,8.687631875000001
274.07899999999995,8.997740249999998
274.34370000000007,8.798515291666666
274.60850000000005,8.733852083333334
274.8732,8.749791
275.13789999999995,8.739315958333336
275.40260000000006,8.855891500000002
275.66740000000004,8.615455208333335
275.9321,8.56672929166667
276.19679999999994,8.191047208333336
276.4614000000001,8.200836625000003
276.7260999999999,8.248425041666664
276.99079999999987,8.09245775
277.25550000000015,8.165090166666666
277.52009999999996,8.174880499999999
277.7848000000001,8.265954500000001
278.04939999999993,8.366138208333334
278.3140999999999,8.478615083333333
278.5787,8.578113499999999
278.84330000000017,8.272102791666667
279.1079,7.901657416666669
279.3725000000001,7.5369034999999975
279.6371,7.621146208333332
279.90170000000006,7.214498249999999
280.1662999999999,6.783259875
280.43090000000007,6.59974425
280.69549999999987,6.531893666666669
280.96,6.246829666666667
281.22459999999984,6.496374583333334
281.48909999999984,6.462221541666669
281.75370000000015,6.554662291666669
282.01820000000015,6.499789833333335
282.2826999999998,6.341547625
282.5473000000001,6.282349083333332
282.8118000000001,6.114771708333332
283.07629999999995,5.987494666666667
283.3408,5.789179708333333
283.6053000000001,5.9508370416666665
283.86970000000014,5.678068541666668
284.13420000000013,5.328569416666668
284.39869999999996,5.329480208333334
284.6632,5.634808083333334
284.9276,5.990454708333334
285.19210000000015,6.128205041666667
285.4565000000002,6.273013874999999
285.72090000000003,6.233168583333334
285.98530000000005,6.056256041666667
286.2497999999999,5.919188541666666
286.5141999999999,5.667822666666667
286.7785999999999,5.936948291666667
287.04299999999995,5.812403625000001
287.3073999999999,5.558988416666668
287.57170000000013,5.339725983333334
287.83610000000016,5.304889875
288.1005000000002,5.347012041666667
288.36480000000006,5.316274166666667
288.6292000000001,5.1505184083333315
288.8935000000001,5.390500125000002
289.1579000000001,5.442412708333333
289.4222,5.3927770000000015
289.68649999999985,5.669188791666667
289.9507999999999,5.730208666666666
290.21510000000006,5.592685833333334
290.4794000000001,5.692184958333335
290.7437,6.024152291666667
291.00799999999987,6.005937333333333
291.2722999999999,6.206984708333333
291.5366000000001,6.353159541666667
291.8008,6.622968291666666
292.06509999999986,6.707667916666668
292.32930000000005,6.908715208333333
292.5936000000001,6.863405541666665
292.8577999999998,6.679890083333334
293.1220000000001,6.612039416666669
293.38630000000006,6.354297958333333
293.6504999999999,6.488177750000002
293.9147000000001,6.542367125000002
294.17889999999994,6.452886541666666
294.4431000000002,6.409398291666668
294.7071999999999,6.652339999999999
294.97140000000013,6.592230583333332
295.2356,6.642549333333335
295.49970000000013,7.022103249999998
295.7639,6.934899000000001
296.0280000000002,7.371830708333334
296.2921999999999,7.546692166666666
296.55630000000014,7.455846458333334
296.82039999999984,7.1049806666666635
297.0845,6.87592829166667
297.3486000000001,6.496829958333335
297.6126999999999,6.3759282499999985
297.8768,6.398469333333334
298.1409000000001,6.452886374999999
298.4049999999998,6.173287166666667
298.6691,6.397558375000003
298.93310000000014,6.502977458333333
299.19719999999984,6.633214250000001
299.4611999999999,6.755709583333332
299.7253,6.694006416666665
299.9893000000001,6.972922791666668
300.25339999999983,7.269826291666668
300.5173999999999,7.1575767500000005
300.7813999999999,7.003432458333333
301.0454,6.877066625
301.30940000000004,6.614544000000002
301.57340000000016,6.71973475
301.8374000000001,6.9444616250000015
302.1013000000001,7.120008416666665
302.36530000000016,7.348378249999999
302.62929999999983,7.269825999999999
302.89320000000015,7.149380166666666
303.1571999999999,7.395737000000003
303.42109999999985,7.583123333333333
303.6850000000002,7.884808249999998
303.9489000000001,8.14004491666667
304.21290000000016,8.364315666666664
304.47680000000014,8.599743833333333
304.7407000000001,8.630481708333335
305.00460000000015,8.427385958333334
305.2685000000001,8.364544583333332
305.5322999999999,8.547148583333334
305.7961999999998,8.252749166666666
306.06009999999986,8.455163749999999
306.3239000000001,8.397558625
306.5878000000002,8.71631929166667
306.8516,8.584489333333336
307.11549999999994,8.676247791666668
307.37929999999983,8.671921708333334
307.6431000000002,8.422831833333333
307.9069,8.293050333333332
308.1706999999999,8.629344208333332
308.4345000000001,8.844734874999999
308.6983,8.811265333333333
308.9620999999999,8.931028916666666
309.22590000000014,8.874335624999999
309.48959999999994,9.159853291666666
309.75339999999983,8.990682833333333
310.0171,8.929662291666663
310.2808999999998,8.634352499999997
310.5446000000001,8.79919858333333
310.80839999999995,8.748423416666666
311.0721000000001,8.95675675
311.3357999999999,9.148241833333332
311.5995000000001,9.151201083333332
311.86319999999984,9.009581541666668
312.12690000000015,9.067640083333332
312.3905999999999,8.939453083333333
312.6543000000001,8.97337870833333
312.91790000000015,8.995008041666667
313.18159999999995,9.158943166666669
313.4453000000001,9.247283916666666
313.70889999999986,9.369325125
313.9724999999999,9.429663750000001
314.2362000000001,9.320372874999999
314.4997999999998,9.335400541666667
314.7633999999999,9.10247758333333
315.027,9.329478999999997
315.2906000000001,9.459032958333333
315.5541999999998,9.877293875000001
315.81779999999986,10.020281499999998
316.0814,9.837448624999999
316.3450000000002,9.825382541666666
316.6085999999998,10.088587666666664
316.8720999999998,10.432621583333335
317.1356999999999,10.336310249999999
317.3991999999999,10.423970458333335
317.6626999999999,10.296238958333332
317.9263,10.341319791666665
318.18980000000005,10.348150625
318.45330000000007,10.300335083333337
318.7168000000001,10.844507416666666
318.9803000000001,10.743870041666668
319.24380000000014,10.472696124999997
319.50730000000016,10.646419958333338
319.7708000000002,11.081073000000004
320.0342,10.960854916666667
320.2977,11.140956124999997
320.56120000000004,11.226110583333332
320.8246,11.713360583333333
321.0881,11.944918125
321.3514999999998,12.240682833333333
321.6148999999998,12.194461708333336
321.87830000000014,12.30033591666667
322.14170000000007,12.449471124999997
322.4051,12.484306958333336
322.6684999999998,12.102020125000003
322.9318999999998,11.968825416666663
323.1953000000001,11.839497416666667
323.4587000000001,11.596784166666668
323.7221,11.453569416666667
323.9853999999998,11.745464291666666
324.24880000000013,11.555571416666664
324.5121,11.021192874999999
324.7754000000002,10.862040166666667
325.0388000000001,10.951064875
325.30209999999994,11.213813791666668
325.5654000000002,11.170783375000001
325.8287,11.642094166666666
326.09199999999987,11.633214583333334
326.3553000000001,11.952658625000003
326.61859999999984,11.708579166666665
326.8819000000001,11.747741374999999
327.1450999999999,11.805117625000001
327.4084000000001,11.734534958333333
327.67169999999993,11.958121749999995
327.93490000000014,12.368416208333329
328.19809999999984,12.18512645833333
328.4614000000001,12.462221499999998
328.7245999999998,12.677160125000006
328.98779999999994,13.038951124999999
329.25100000000015,13.150291791666662
329.51419999999985,13.636175125000007
329.7774,13.862724041666667
330.0406000000001,14.037584166666667
330.3037999999999,14.195372458333336
330.567,14.66144758333334
330.8301000000001,15.044188750000004
331.0933000000002,15.13367041666667
331.3563999999999,15.005481749999996
331.6196,14.839952833333333
331.88270000000006,14.952660291666668
332.1458000000002,15.121146625000003
332.40890000000013,15.398241541666666
332.67209999999983,15.637767375000001
332.93519999999995,15.60429679166666
333.1983,15.5883585
333.4614000000001,16.038495666666666
333.7244,16.400974
333.9875000000001,16.436947000000004
334.25060000000013,16.614771791666666
334.51360000000017,16.972465708333335
334.7767000000001,16.668280541666668
335.0397000000001,16.575383583333334
335.30280000000016,16.962451083333328
335.56580000000014,17.008214375000005
335.8288000000002,17.079479333333328
336.0918000000001,17.119097166666673
336.3548,17.194461500000003
336.6178,17.121829791666666
336.88079999999997,16.981575124999996
337.1437999999999,16.883669875000006
337.4067999999998,16.675791541666666
337.6697999999999,16.878432333333333
337.9327000000001,17.221101333333333
338.19570000000016,17.106803125
338.4586,17.109307
338.7215999999999,17.630709791666664
338.98450000000025,17.859991458333333
339.24740000000014,18.251839041666667
339.5103,18.640272041666663
339.7732999999999,19.01663691666667
340.03620000000024,18.975883000000007
340.299,19.060579750000002
340.56189999999987,19.835400291666662
340.8248000000001,20.2085795
341.0877,20.352019708333334
341.3505999999998,20.75161125
341.6134000000001,20.905756625
341.87629999999996,20.855209125
342.1391000000001,21.267777083333325
342.4018999999999,21.502294124999995
342.66480000000024,21.98043716666666
342.9276,22.603160333333335
343.1904000000002,23.131620916666666
343.4532,23.557622708333337
343.7160000000001,23.747284833333335
343.9787999999999,23.91713783333333
344.24160000000006,24.248878875000003
344.50429999999983,24.540090124999995
344.7671,24.794415583333333
345.02989999999977,25.175563916666675
345.2925999999998,25.44218458333334
345.55540000000013,25.395055499999998
345.8181000000002,25.708351416666662
346.08079999999995,25.850200458333344
346.3436000000001,26.716091999999993
346.60630000000015,26.89049858333333
346.8689999999999,26.932620625
347.13169999999997,27.07720283333332
347.3944000000001,27.75525462500001
347.6570000000001,28.416683166666672
347.91970000000015,28.946511541666656
348.1823999999999,29.224743333333336
348.44509999999997,29.575382083333334
348.7077,29.943096249999996
348.9704000000001,30.31103583333334
349.2330000000001,30.997512500000003
349.49560000000014,31.422604999999994
349.75820000000016,31.959488333333326
350.02089999999976,32.367502916666666
350.2834999999998,32.97588166666667
350.5460999999998,33.363860833333334
350.8086999999998,34.224060833333326
351.07129999999984,35.03234749999999
351.3338000000001,35.47019083333333
351.59640000000013,36.13389750000001
351.85900000000015,36.38139291666666
352.12150000000014,37.00457041666666
352.38410000000016,37.223378749999995
352.6466,38.015955
352.9090999999999,38.89846958333333
353.17169999999993,39.60680291666666
353.4341999999999,40.967913749999994
353.6967000000002,41.62865958333334
353.9592000000002,42.13207499999999
354.2217,42.71950874999999
354.48419999999993,43.72519916666667
354.7466999999999,44.1452825
355.00910000000016,45.17283208333333
355.2716,46.02346708333332
355.5340999999999,47.077430000000014
355.79650000000015,47.85247791666668
356.05900000000014,49.151201250000014
356.32139999999987,50.578570833333316
356.5838000000001,51.24045458333331
356.8462,52.21677541666667
357.1085999999998,53.122057083333345
357.37110000000007,54.004117083333306
357.63349999999997,55.19195916666666
357.8958000000002,56.04942458333334
358.1581999999999,56.800110416666676
358.42060000000015,57.57105583333334
358.683,58.607030416666646
358.9453000000001,59.049879999999995
359.2077,59.628661666666666
359.4700000000001,60.69286916666666
359.7323999999999,61.769143333333346
359.99470000000014,62.76891625
360.25699999999983,64.09131833333335
360.5193,65.00548166666668
360.7816000000002,66.28918
361.0438999999999,67.82515375
361.3062,69.13822416666665
361.5685000000001,70.13594666666668
361.83079999999995,71.24136458333334
362.0929999999999,72.60680291666667
362.3553000000001,73.44355041666667
362.6175999999998,74.79191125
362.87979999999993,76.45561875000001
363.1419999999999,77.73203083333331
363.4043000000001,78.82879666666666
363.66650000000004,80.20789583333332
363.92870000000016,81.47838625000001
364.19089999999983,82.81832416666667
364.45309999999995,84.23703916666663
364.7152999999999,85.32560833333332
364.9775,86.51777666666665
365.2397,88.28348833333331
365.5018,89.40894208333332
365.76400000000007,90.70516708333336
366.0262000000002,92.31558916666665
366.2883000000001,93.60724583333332
366.55050000000006,95.03757666666667
366.81260000000003,95.99864041666666
367.07470000000006,97.31855750000004
367.3368,98.63275833333334
367.5989,100.04350083333337
367.86099999999993,101.75798458333337
368.12309999999997,103.46016708333336
368.38519999999994,105.4476495833333
368.64729999999986,107.08153499999999
368.90940000000023,108.53256375
369.1714000000001,110.06445833333328
369.43350000000004,111.19969750000001
369.69549999999987,112.80876458333334
369.95759999999996,114.71451708333329
370.2196000000001,116.40483083333334
370.4816,118.20515999999998
370.7437,119.97951166666662
371.00569999999993,121.6027079166667
371.2677000000001,123.24136666666664
371.5297,124.61407249999998
371.7916999999998,126.41941458333332
372.05360000000013,127.89437291666667
372.31559999999996,129.41463666666667
372.5775999999999,131.48431041666672
372.8395,133.71745208333334
373.10149999999993,135.662135
373.3634000000001,137.65210541666664
373.62540000000007,139.26753583333334
373.8873000000001,141.217685
374.1491999999999,143.4059833333333
374.41110000000003,145.73088749999997
374.67299999999994,147.92124166666665
374.93490000000014,150.54945833333332
375.1967999999999,152.67147083333333
375.45869999999996,154.62636666666668
375.72059999999993,156.6559791666667
375.98240000000004,158.67214583333325
376.2443000000001,160.63049166666664
376.5060999999999,163.05169166666664
376.768,165.27370833333333
377.0298000000002,167.03440416666666
377.29160000000024,169.0746875
377.5535,171.37456666666665
377.81530000000015,173.60703749999996
378.0771000000002,175.87865833333333
378.33889999999997,178.4187375
378.60070000000013,180.6402666666667
378.8624,182.59792083333335
379.12420000000014,185.0951916666667
379.3860000000002,187.82242499999998
379.64769999999976,190.12683333333328
379.9094999999998,192.5530625
380.17119999999994,195.36932916666663
380.433,198.08996249999998
380.6947,201.12432500000008
380.95639999999986,204.26139999999995
381.2181,206.61862916666658
381.4797999999999,209.2989583333333
381.74150000000003,212.3565791666667
382.00319999999994,215.38960416666666
382.26490000000007,217.94149166666668
382.5266,220.68649583333334
382.7883000000001,223.85680833333333
383.0499,226.76163333333332
383.3116,229.67465833333344
383.5732,232.83425416666662
383.8347999999999,235.79212083333326
384.0964999999999,238.70220833333335
384.3581000000001,241.7905375000001
384.6197,244.76687499999994
384.8813,247.94172500000002
385.1429,251.0029666666666
385.4044999999999,254.08537916666663
385.66610000000014,257.37889999999993
385.92770000000013,260.65027083333337
386.18919999999997,263.89551666666677
386.4507999999999,266.82857083333334
386.7124000000001,270.05489583333326
386.9739000000001,273.1432458333333
387.2353999999998,276.84975000000003
387.49700000000007,280.68967083333337
387.75849999999997,284.22200833333324
388.0200000000002,287.57424583333335
388.2814999999999,291.1876249999999
388.5429999999999,294.43693333333346
388.80450000000013,297.541925
389.066,301.0020666666666
389.32750000000004,304.20379583333334
389.58889999999997,308.1730666666667
389.85040000000004,311.6141041666667
390.11179999999996,315.18490833333345
390.3733,318.92760833333335
390.6346999999999,322.12706666666674
390.89619999999996,325.4159916666667
391.15760000000023,329.2928375
391.4189999999999,333.11977916666666
391.6804,336.8845708333333
391.9417999999999,340.6293416666667
392.2032,344.39323749999994
392.4646,347.8017125000001
392.72599999999994,351.4779416666666
392.9873,355.0999833333333
393.24870000000004,358.8219625
393.51000000000016,362.7513833333333
393.77139999999986,366.87479583333334
394.0326999999998,370.7648125
394.2940999999999,374.32468333333327
394.5554,378.4048208333333
394.8167,382.7058375
395.07799999999975,387.0949541666667
395.33929999999987,391.01231666666655
395.6005999999998,395.0612708333333
395.86189999999993,399.1851291666666
396.1232,403.0489749999999
396.3844000000001,407.0095958333332
396.64569999999986,410.86089166666665
396.9069,414.9262333333333
397.1682,419.27300000000014
397.42940000000016,423.67713333333313
397.69069999999994,427.7345416666667
397.9519,431.68716666666666
398.2131000000001,436.4155499999999
398.4742999999999,440.89230000000003
398.7355,445.23409166666653
398.99669999999986,449.6908208333334
399.2578999999999,454.0211874999998
399.51909999999975,458.02894583333324
399.7802,462.2365916666665
400.0414,466.70518750000014
400.30249999999984,471.2568375000001
400.5637,475.60883749999994
400.8248000000001,480.2094916666668
401.086,485.19697083333335
401.3471000000001,490.17942916666675
401.60819999999995,494.59565833333335
401.8693000000001,499.16921249999996
402.1304,504.19172916666656
402.3914999999999,509.24067499999995
402.65260000000006,514.4679333333332
402.9136999999999,519.4824833333336
403.1746999999998,524.1956083333333
403.4358,529.1696208333333
403.6967999999999,534.3875208333333
403.95790000000005,539.5797124999998
404.2188999999999,544.6928625
404.4799999999998,550.0414416666666
404.741,555.2579958333332
405.0020000000002,560.8570291666667
405.2630000000001,566.0601333333335
405.52400000000006,571.3893458333333
405.7849999999999,577.0662666666666
406.0460000000001,582.6049791666667
406.307,587.6705375
406.5679,593.0100166666667
406.8289000000002,598.3021708333333
407.0897999999999,603.5230083333337
407.3508000000001,608.6241041666667
407.6117000000001,613.8914041666668
407.87269999999995,619.5321166666666
408.13359999999994,625.1250333333331
408.3945000000001,630.8381333333335
408.6553999999999,636.645958333333
408.91630000000004,642.6762375
409.1772,648.6571416666667
409.4381,654.5316541666667
409.6989999999999,660.8725291666666
409.9597999999999,667.0230166666669
410.2206999999999,673.0066333333333
410.4814999999999,679.1364041666669
410.74239999999986,684.7445708333333
411.0031999999999,690.2388499999998
411.2639999999999,695.8663625
411.5249000000002,701.7338416666668
411.7857000000002,707.9562833333333
412.0465000000002,713.9075833333336
412.3073000000002,719.6298041666665
412.56810000000024,725.9701833333335
412.8289000000002,731.9649541666666
413.0896,738.1914916666666
413.3504,744.0398708333332
413.6112,750.0350708333334
413.87190000000004,756.4414833333334
414.13270000000006,762.4344583333332
414.39340000000016,768.4601791666664
414.6540999999999,774.7873625000001
414.9148999999998,780.8663583333333
415.17559999999986,787.1512083333337
415.4363,793.4501583333335
415.69700000000006,799.8518041666665
415.95770000000016,806.5806083333333
416.2183999999998,812.9947791666668
416.479,819.6364083333334
416.7397,825.7220166666667
417.0004000000001,831.655529166667
417.26100000000025,837.8340333333334
417.5217,844.3497416666668
417.7823000000001,850.9253374999998
418.0429000000002,857.5293791666663
418.3035,864.1002000000002
418.5642,870.3866416666666
418.82480000000015,876.9173791666667
419.0854,883.6411916666665
419.3459000000001,890.11955
419.6064999999999,897.1516500000002
419.8671000000001,903.5441874999998
420.1277000000002,909.8540749999997
420.38820000000004,916.4774833333336
420.64880000000016,923.3779833333336
420.9093,929.7787125
421.1699000000001,936.6698666666666
421.43039999999996,943.2568583333332
421.6908999999998,949.8663708333329
421.9514,956.4421749999998
422.2119000000002,963.3092249999996
422.47239999999994,970.668275
422.7328999999998,977.3180791666667
422.9934,984.3927874999998
423.2538999999999,992.1552874999998
423.51430000000005,1000.1962749999998
423.7747999999999,1007.113595833333
424.0352000000001,1014.6697500000004
424.29569999999995,1022.1878333333333
424.55609999999984,1029.8500416666668
424.81660000000005,1037.125041666667
425.077,1044.730625
425.3374000000002,1052.676333333333
425.5977999999998,1060.3936666666664
425.85819999999995,1068.3287916666668
426.11859999999984,1076.3200416666666
426.37900000000013,1084.5035
426.63930000000005,1092.9432083333331
426.8997,1101.09275
427.1599999999999,1109.7767500000002
427.4203999999998,1117.8527083333336
427.6807000000001,1125.6762916666664
427.9411,1133.9205416666666
428.2014,1142.3176666666664
428.4616999999999,1150.400625
428.7219999999998,1159.5492916666667
428.98229999999984,1168.3459999999995
429.24259999999975,1177.4968749999996
429.5029000000001,1186.3844583333332
429.76320000000004,1195.1682916666666
430.0235,1203.9792499999999
430.2837,1213.247916666667
430.5439999999999,1222.1172083333336
430.80419999999987,1231.483
431.06450000000024,1240.9194583333335
431.3246999999999,1250.2855833333333
431.5848999999999,1258.8530833333332
431.84510000000023,1267.8199166666668
432.1054000000002,1276.9592499999999
432.36559999999986,1285.8462083333334
432.62579999999986,1295.2700000000002
432.8859,1304.012291666666
433.1461,1313.257375
433.40630000000004,1322.6292916666669
433.66649999999987,1331.485375
433.9266,1340.5209166666673
434.1868,1349.14225
434.44690000000014,1357.8618333333332
434.70700000000016,1366.8950000000002
434.9670999999999,1375.8488333333332
435.22730000000024,1385.2932916666666
435.4874,1394.0713333333333
435.7475,1403.3734583333335
436.00760000000014,1412.0713749999998
436.26770000000016,1421.536791666667
436.52770000000004,1430.8349166666667
436.7878,1440.7207916666664
437.0478999999998,1449.6409583333334
437.30789999999985,1458.9829583333337
437.568,1468.6068749999995
437.82799999999975,1478.4919583333333
438.0879999999999,1488.1927500000002
438.348,1497.696916666667
438.6081,1507.7082499999997
438.86809999999986,1517.6182083333333
439.12809999999996,1526.119083333333
439.38810000000007,1534.4384583333338
439.6479999999999,1544.1664583333338
439.90799999999996,1553.4145416666668
440.16799999999984,1562.7570416666665
440.4279000000001,1571.8353333333341
440.6879000000001,1581.2890416666662
440.9478,1590.2971666666672
441.2078000000001,1598.917625
441.4676999999999,1607.2685000000001
441.7276000000001,1615.0560833333338
441.98749999999995,1624.2506666666668
442.24740000000014,1632.5134583333336
442.5073,1641.787333333333
442.7672000000002,1651.3661249999998
443.0271,1660.3705
443.2870000000001,1669.5292916666665
443.5468999999999,1678.2065416666665
443.80669999999986,1687.354708333333
444.06660000000005,1696.5160833333332
444.3264,1705.2655416666666
444.5861999999999,1712.8419166666672
444.8461,1721.3740833333334
445.10590000000025,1730.318458333333
445.3657000000001,1739.3759166666669
445.62550000000005,1747.6282083333338
445.8853,1756.643
446.1450999999999,1764.8964166666663
446.40489999999977,1774.2260416666668
446.6646,1782.8170416666671
446.92439999999993,1792.092791666666
447.18419999999986,1800.5810833333328
447.44390000000016,1810.4408333333338
447.70360000000005,1820.226333333333
447.96340000000004,1829.2218749999993
448.22309999999993,1838.7446666666665
448.4827999999998,1848.1592916666666
448.7425000000001,1858.7813750000003
449.00220000000013,1868.6494999999998
449.2619,1877.9350416666666
449.5216,1886.9354583333334
449.78130000000004,1896.4811666666667
450.04099999999994,1906.8810833333337
450.3006,1917.5080416666663
450.56029999999987,1928.408791666667
450.81990000000025,1938.8099166666668
451.0796000000002,1948.7820833333333
451.3392000000002,1959.1752500000002
451.5987999999998,1969.3552916666674
451.85839999999985,1980.857291666667
452.1180000000002,1991.218
452.37759999999986,2001.9885000000002
452.6371999999999,2011.6856666666665
452.8968000000002,2022.9512916666665
453.1563999999999,2034.2768750000005
453.41599999999994,2045.255500000001
453.6754999999999,2056.461791666666
453.9351000000001,2068.5485416666666
454.19460000000004,2079.210458333334
454.45410000000015,2090.286125
454.7137000000002,2101.339125
454.9732000000002,2113.7537916666656
455.2327000000003,2125.943708333333
455.4922000000001,2137.5879583333335
455.7517000000001,2149.5671666666667
456.0112000000002,2162.555250000001
456.27069999999975,2175.1562500000005
456.53019999999987,2187.4833750000003
456.7896,2201.1885
457.0491000000001,2214.810499999999
457.3084999999998,2227.647208333333
457.5679999999999,2242.123875
457.82740000000007,2255.6899583333334
458.08679999999976,2269.516
458.34629999999987,2283.116083333334
458.6057,2295.643541666665
458.8650999999998,2309.6642500000003
459.12449999999995,2323.3586250000003
459.3837999999998,2338.404166666667
459.64320000000026,2352.88225
459.90259999999995,2367.772875
460.1620000000001,2383.2844999999998
460.4213,2399.5271666666663
460.6807000000002,2414.4353749999996
460.94,2430.2986249999994
461.19930000000016,2446.4419583333333
461.45869999999985,2463.16175
461.71800000000013,2480.7417499999997
461.9773000000003,2497.8622916666664
462.2366000000001,2514.294125
462.49589999999995,2532.6299166666663
462.7551999999998,2549.5322083333335
463.0144,2567.650666666667
463.2736999999999,2586.4089583333334
463.53299999999996,2603.747333333334
463.7921999999999,2622.6675833333343
464.05149999999975,2642.228833333333
464.3107,2660.611416666666
464.56990000000025,2678.849125
464.82920000000007,2698.2345416666662
465.08840000000004,2718.6326249999997
465.3475999999998,2739.9399166666676
465.60679999999974,2761.0207499999997
465.866,2782.3233749999995
466.1250999999999,2803.6770833333335
466.3842999999999,2823.876791666667
466.6435000000001,2845.908208333334
466.90259999999995,2868.980708333333
467.1617999999999,2891.267666666667
467.4208999999998,2914.909875
467.68009999999975,2938.4204166666673
467.9392000000001,2961.8324583333338
468.1983,2985.756541666667
468.45739999999995,3010.872958333334
468.7165000000003,3036.160958333334
468.9755999999998,3060.6331250000003
469.23470000000015,3086.0689583333337
469.49380000000014,3111.4185
469.7529,3136.0991249999993
470.0119,3164.1004166666676
470.27100000000013,3191.740708333333
470.53000000000003,3220.0029166666664
470.7891,3247.4848749999996
471.0481,3276.3113333333336
471.3071,3306.124166666667
471.5661,3335.8554166666677
471.82519999999994,3365.252541666667
472.08419999999995,3396.1889166666647
472.3431,3427.1926666666654
472.6021,3457.9931666666657
472.8611,3489.1450000000004
473.12010000000004,3522.942875
473.3790000000002,3556.5991250000006
473.6380000000002,3589.0587916666677
473.8968999999999,3623.3525416666653
474.1558999999998,3656.9040000000005
474.4148000000003,3690.6742500000014
474.6736999999999,3725.5064166666666
474.93260000000004,3761.1862500000007
475.1915000000002,3796.138291666666
475.4503999999999,3831.8587083333327
475.70930000000027,3868.727208333332
475.96819999999997,3904.8496249999994
476.2271,3941.514625000002
476.48589999999984,3979.3059166666662
476.7448000000002,4016.6290833333337
477.0036999999999,4054.0207916666664
477.2625000000001,4091.6538333333338
477.52130000000017,4127.88425
477.78019999999987,4166.176375000002
478.03900000000004,4204.009250000001
478.2978000000001,4241.546749999999
478.55659999999995,4280.310833333333
478.8154,4320.354125
479.07419999999985,4359.335208333334
479.33289999999994,4398.326083333334
479.59170000000023,4438.640750000001
479.8505000000003,4477.270541666666
480.10920000000016,4517.505041666668
480.3680000000002,4557.679333333333
480.6267000000001,4597.090625
480.88539999999983,4637.430333333335
481.1442000000001,4677.122208333334
481.40289999999976,4717.060291666668
481.66159999999996,4757.650541666667
481.9202999999998,4797.77375
482.17900000000003,4839.381999999999
482.43770000000023,4879.835083333334
482.6962999999998,4919.495916666668
482.955,4959.259958333335
483.2137000000002,5000.125291666666
483.4722999999999,5040.0375833333355
483.7309999999998,5080.695958333334
483.98960000000017,5120.277416666667
484.2482,5160.782166666667
484.5067999999998,5200.622166666667
484.7654999999997,5240.610166666666
485.0241000000001,5280.493541666667
485.2826999999998,5318.764041666666
485.54119999999983,5358.787500000001
485.79980000000006,5397.417333333334
486.05839999999995,5436.167125000001
486.3169999999997,5473.66675
486.5755000000002,5513.528833333333
486.8341,5550.9184583333345
487.0926,5587.523333333332
487.3510999999999,5624.2519999999995
487.60970000000026,5661.735499999999
487.8682000000002,5697.712416666666
488.1267000000001,5734.807083333334
488.3852000000001,5770.960375
488.6437000000001,5807.494125000001
488.9022000000003,5841.0266249999995
489.1605999999999,5874.935375
489.4190999999998,5909.689208333333
489.6775999999997,5943.245875000001
489.93599999999986,5978.569416666666
490.1944999999998,6013.290583333334
490.45290000000017,6046.323541666665
490.7113000000002,6078.779583333336
490.9696999999998,6112.664541666666
491.22819999999973,6145.157208333333
491.4866000000001,6176.414
491.7450000000002,6207.944666666665
492.0033999999998,6239.399291666668
492.26169999999973,6269.878874999999
492.5200999999999,6300.204875
492.7785000000002,6330.240458333335
493.0367999999999,6360.406125
493.2952000000003,6390.771125000002
493.5535,6420.617458333334
493.81179999999995,6450.155708333335
494.07020000000006,6478.868083333331
494.3284999999998,6507.875791666669
494.58679999999976,6535.029000000001
494.8451000000003,6562.292291666665
495.1034,6590.770666666667
495.3616999999999,6615.629166666668
495.6200000000002,6642.285916666665
495.8781999999998,6669.327333333334
496.13650000000007,6696.533750000001
496.3947000000001,6722.571499999999
496.6530000000002,6747.661375000001
496.9112000000003,6773.518375000002
497.16940000000005,6798.345125
497.42770000000013,6822.154666666668
497.68590000000023,6846.491750000001
497.9441000000001,6870.583875
498.2023000000002,6893.961708333332
498.46049999999985,6917.066166666665
498.7186999999999,6940.461583333334
498.9768000000002,6962.11241666667
499.2350000000001,6984.647708333331
499.49309999999986,7007.0035
499.75129999999996,7029.095958333332
500.0094000000002,7050.429916666668
500.26759999999985,7071.743916666664
500.5257000000001,7092.558000000001
500.78379999999987,7113.077541666668
501.0419000000001,7135.138416666664
501.2999999999999,7155.423458333332
501.55810000000014,7175.887583333333
501.8161999999999,7195.858
502.07430000000016,7215.735458333334
502.3323,7235.484041666667
502.59039999999976,7254.848291666669
502.8485,7274.6739166666675
503.1064999999999,7294.045000000002
503.36449999999985,7313.056874999999
503.6226000000001,7331.745583333333
503.88060000000024,7349.485791666666
504.13860000000017,7367.169833333336
504.3966,7385.130458333332
504.6545999999999,7403.567791666667
504.9125999999998,7421.665666666665
505.1705999999999,7441.5974166666665
505.4285,7459.6021249999985
505.68649999999985,7475.1269999999995
505.9444999999998,7492.4567916666665
506.20240000000007,7509.737708333333
506.4604,7527.464583333337
506.7183000000003,7542.955958333333
506.9761999999998,7560.897166666669
507.23409999999984,7577.756458333334
507.49200000000013,7595.398874999999
507.7499000000001,7611.769458333336
508.00779999999986,7629.045499999997
508.2657,7644.465208333331
508.5236000000003,7661.377625
508.78149999999977,7678.047916666669
509.0393000000002,7694.501208333332
509.29720000000026,7710.758708333332
509.5550000000001,7727.106083333333
509.8129000000002,7743.975333333336
510.07070000000016,7759.311666666667
510.3284999999998,7775.40958333333
510.5863000000002,7790.425041666668
510.8441000000002,7805.270250000004
511.10189999999983,7822.959958333332
511.35970000000026,7837.753875000002
511.6175000000001,7853.4958750000005
511.87529999999987,7867.847333333332
512.1329999999999,7883.8036250000005
512.3907999999998,7898.676375
512.6484999999999,7913.620416666668
512.9063000000001,7928.998375000002
513.1640000000001,7944.964791666665
513.4217000000002,7960.256500000002
513.6794000000003,7975.217166666668
513.9370999999998,7989.599541666664
514.1947999999999,8006.088208333334
514.4524999999999,8021.070166666667
514.7101999999996,8036.263624999996
514.9678999999998,8051.383000000001
515.2255999999999,8066.155208333331
515.4832000000001,8080.816750000001
515.7409000000001,8095.823249999998
515.9984999999998,8110.676583333334
516.2561999999999,8126.283749999998
516.5138000000001,8140.9863333333315
516.7713999999997,8155.766333333332
517.0290000000003,8171.049375000001
517.2865999999999,8185.475916666667
517.5442000000002,8200.655166666667
517.8017999999998,8216.07425
518.0594,8229.034666666668
518.3169999999997,8243.49066666667
518.5745000000001,8257.301291666668
518.8320999999997,8270.437541666668
519.0895999999999,8283.888666666668
519.3472,8298.192958333331
519.6047,8311.573541666667
519.8621999999997,8326.015041666664
520.1196999999999,8339.539166666667
520.3772000000002,8352.662999999999
520.6347000000001,8366.829749999997
520.8922000000001,8377.175375
521.1497,8389.888583333335
521.4071999999998,8403.298249999998
521.6646,8416.615166666666
521.9220999999999,8429.603000000003
522.1795000000001,8442.880583333334
522.437,8455.03979166667
522.6944000000002,8465.539374999997
522.9519,8478.366791666665
523.2093000000003,8489.227916666669
523.4667000000003,8500.990208333335
523.7240999999999,8512.006791666669
523.9815,8524.690208333333
524.2389000000002,8534.856208333333
524.4961999999997,8544.011749999998
524.7536,8554.979625
525.0110000000003,8565.156166666666
525.2682999999998,8575.535999999998
525.5257,8584.886541666669
525.7829999999999,8596.687208333333
526.0403000000001,8607.060666666664
526.2976999999997,8617.914375
526.5550000000002,8628.455999999996
526.8122999999997,8636.931041666665
527.0696000000002,8648.086416666667
527.3269,8657.816958333333
527.5841,8667.574541666665
527.8413999999999,8677.689750000001
528.0987000000003,8686.355541666664
528.3559000000004,8694.637125
528.6131999999999,8703.35691666667
528.8703999999999,8711.845458333335
529.1275999999999,8720.398499999998
529.3849000000004,8728.844166666668
529.6421000000004,8737.414416666668
529.8993000000004,8744.524083333336
530.1565000000004,8751.963499999998
530.4136999999997,8758.697374999998
530.6708999999997,8766.508416666664
530.928,8774.604375
531.1852,8782.01133333333
531.4424,8787.495166666666
531.6995000000001,8795.135375
531.9567000000001,8800.356708333333
532.2137999999997,8806.881083333332
532.4709000000001,8813.877541666663
532.7279999999997,8820.129083333335
532.9851999999997,8826.275333333333
533.2423,8832.385624999997
533.4994000000002,8838.382666666666
533.7564000000001,8844.604958333337
534.0135000000004,8851.142791666665
534.2706,8858.024583333337
534.5275999999999,8865.127250000003
534.7847,8871.5825
535.0416999999999,8876.434833333335
535.2988000000004,8882.339458333332
535.5558,8887.734291666666
535.8127999999998,8893.131583333336
536.0697999999999,8899.682625000001
536.3269,8905.370583333332
536.5838999999997,8912.640999999998
536.8408,8917.859625
537.0977999999997,8923.892500000002
537.3547999999997,8930.315333333332
537.6118000000001,8936.924249999998
537.8686999999996,8942.283916666669
538.1257000000004,8949.82525
538.3826000000003,8956.05275
538.6394999999999,8961.608041666666
538.8965000000002,8968.55408333333
539.1533999999998,8973.885791666668
539.4102999999997,8980.442125000001
539.6672,8987.53954166667
539.9241000000001,8994.449791666668
540.1810000000004,9001.446916666668
540.4377999999998,9006.955375
540.6947,9011.143666666667
540.9516000000002,9017.325791666664
541.2083999999996,9024.165
541.4653,9029.426458333333
541.7220999999996,9034.490500000002
541.9789,9039.834916666665
542.2356999999998,9044.531541666664
542.4925000000002,9050.829291666665
542.7492999999996,9056.115000000003
543.0061000000001,9061.012208333334
543.2628999999998,9066.533291666665
543.5197000000002,9071.61595833333
543.7765,9078.024916666667
544.0332,9084.255458333331
544.2900000000003,9088.349333333334
544.5467000000002,9092.571708333335
544.8035,9098.058166666668
545.0602,9103.055916666666
545.3168999999999,9107.263958333331
545.5735999999998,9111.871958333335
545.8302999999997,9117.969250000002
546.0869999999996,9123.592749999998
546.3436999999999,9127.523125
546.6003999999999,9130.544625
546.8570999999998,9134.980583333338
547.1137,9140.225833333332
547.3703999999999,9142.925291666666
547.6270000000003,9149.199125
547.8837000000002,9154.112625
548.1402999999997,9157.840333333332
548.3968999999998,9162.544708333333
548.6535000000002,9166.440458333334
548.9101000000004,9170.53491666667
549.1666999999999,9173.549999999997
549.4233000000003,9176.834791666666
549.6798999999997,9180.185791666669
549.9364999999999,9183.091875000002
550.1931000000003,9186.221791666667
550.4496,9188.896374999998
550.7062000000001,9193.559958333331
550.9627,9195.777833333335
551.2191999999997,9200.057708333336
551.4758,9203.28175
551.7322999999998,9205.848499999998
551.9887999999997,9207.73804166667
552.2453000000004,9210.455875
552.5018,9213.437625
552.7582999999996,9214.92916666667
553.0146999999998,9216.32325
553.2711999999998,9216.276958333337
553.5277000000001,9218.38875
553.7841000000002,9218.958750000002
554.0406000000002,9220.031083333333
554.2970000000004,9220.676624999998
554.5534000000001,9221.881625
554.8097999999997,9223.505499999997
555.0663000000003,9223.871333333334
555.3227000000002,9223.523125000002
555.5791000000003,9223.616166666665
555.8354,9224.575374999999
556.0918,9225.039125000001
556.3482000000002,9227.937041666668
556.6046000000001,9228.407791666667
556.8608999999998,9227.778416666666
557.1173,9226.517291666669
557.3736000000002,9227.01725
557.6299,9226.997708333332
557.8862000000003,9227.630083333332
558.1425999999998,9226.329499999998
558.3989,9225.14308333333
558.6551999999998,9224.935333333333
558.9114000000003,9223.544583333332
559.1677,9222.227624999998
559.4239999999996,9220.997250000002
559.6803,9219.94675
559.9364999999999,9220.256333333335
560.1928000000001,9220.642916666666
560.4490000000001,9218.611749999998
560.7052000000002,9217.045041666664
560.9614,9216.8755
561.2176999999998,9215.966875
561.4739000000003,9213.932333333336
561.7301000000001,9212.724250000005
561.9863000000004,9211.616333333337
562.2423999999997,9211.233833333334
562.4986000000002,9209.475791666666
562.7548000000002,9208.240958333337
563.0108999999999,9207.312875000001
563.2671000000004,9204.775
563.5231999999997,9202.658041666664
563.7793999999999,9201.626375000002
564.0355,9199.476041666665
564.2916000000004,9197.207416666666
564.5476999999997,9194.371875000003
564.8037999999998,9191.868708333332
565.0599000000001,9189.590833333334
565.3160000000001,9187.008625
565.5720999999999,9184.659625
565.8281000000001,9183.06779166667
566.0841999999999,9181.022541666665
566.3402000000001,9177.401999999998
566.5962999999998,9175.34625
566.8523000000004,9171.918291666663
567.1083,9168.989708333334
567.3644000000003,9167.192791666668
567.6203999999999,9163.79833333333
567.8763999999998,9159.924249999998
568.1324000000003,9158.052166666668
568.3883000000001,9155.826375000002
568.6443,9152.652083333332
568.9002999999999,9150.986375
569.1561999999999,9147.679166666665
569.4122000000001,9144.86658333333
569.6681000000002,9142.190208333332
569.9241000000001,9139.263625000003
570.1800000000002,9135.526083333332
570.4359000000003,9132.15141666667
570.6918000000001,9129.326458333331
570.9477000000002,9125.86729166667
571.2036000000002,9121.732083333334
571.4595000000003,9118.72775
571.7154000000004,9115.146583333333
571.9712999999998,9109.96408333333
572.2271,9105.464833333333
572.4830000000001,9102.597124999997
572.7387999999997,9099.459458333336
572.9946999999999,9095.404958333333
573.2505,9091.49154166667
573.5063000000004,9086.467499999995
573.7621,9084.440458333333
574.0179000000002,9081.23445833333
574.2736999999998,9077.687875000001
574.5295000000001,9074.3215
574.7852999999997,9069.620541666665
575.0411000000003,9066.609750000001
575.2968,9063.011416666666
575.5525999999996,9058.835500000003
575.8083000000001,9053.596166666666
576.0640999999997,9050.744208333335
576.3197999999999,9046.833125000001
576.5755000000003,9043.040583333333
576.8312000000001,9038.840916666666
577.0869000000001,9034.558708333332
577.3426,9030.08245833333
577.5982999999998,9025.376375000003
577.8539999999999,9020.506625
578.1097000000003,9017.762458333333
578.3652999999999,9013.437833333333
578.6209999999998,9009.087041666668
578.8765999999997,9004.704499999998
579.1322999999999,8999.904708333337
579.3878999999998,8995.655916666665
579.6435,8990.405
579.8991000000001,8985.904708333333
580.1546999999997,8981.046416666666
580.4102999999997,8977.324874999997
580.6659,8972.80420833333
580.9215000000003,8968.772666666668
581.1771000000002,8964.261583333335
581.4326999999998,8958.954916666666
581.6882000000004,8953.531708333334
581.9438000000004,8948.64733333333
582.1993000000001,8943.921791666666
582.4547999999996,8937.623583333332
582.7104,8932.784583333336
582.9658999999998,8926.459375
583.2214000000002,8919.795041666668
583.4768999999998,8914.792666666666
583.7324000000002,8908.198708333333
583.9878000000002,8902.827916666665
584.2433,8896.844375
584.4987999999998,8890.440124999997
584.7541999999999,8884.136374999998
585.0097000000001,8877.51370833333
585.2651000000002,8871.612041666665
585.5206,8865.07475
585.776,8858.961374999999
586.0314,8852.31783333333
586.2868,8845.223375000001
586.5422,8838.937666666667
586.7976,8834.911083333334
587.053,8828.775125000002
587.3084,8822.864666666668
587.5637000000003,8817.018625000002
587.8191000000003,8811.4755
588.0743999999996,8805.282333333334
588.3297999999996,8799.75425
588.5851000000001,8793.851833333332
588.8404000000004,8787.995291666664
589.0957999999997,8782.546041666663
589.3511,8774.450875
589.6064000000002,8768.031708333334
589.8616999999998,8760.866583333334
590.1169000000003,8754.91
590.3721999999999,8749.084958333335
590.6275000000004,8742.386791666668
590.8827,8736.019125
591.1380000000004,8729.167041666662
591.3932000000003,8722.879874999999
591.6484999999998,8715.42654166667
591.9037000000003,8710.184500000001
592.1589000000002,8702.763874999999
592.4141,8696.273291666666
592.6692999999997,8689.908791666663
592.9244999999996,8683.886999999999
593.1797000000003,8677.87675
593.4349000000001,8671.192249999998
593.6900000000004,8664.177
593.9452,8658.577500000001
594.2003999999998,8652.17983333333
594.4555,8645.945458333334
594.7106000000002,8640.385125000004
594.9658,8632.782458333333
595.2209000000001,8627.45804166667
595.4760000000002,8621.139874999997
595.7311000000003,8614.926416666667
595.9861999999998,8609.261208333333
596.2412999999998,8604.488833333335
596.4963000000002,8598.159541666666
596.7513999999996,8592.494833333332
597.0064999999996,8587.529791666666
597.2615000000002,8583.436458333332
597.5166000000004,8578.217916666668
597.7716,8573.876916666666
598.0265999999997,8570.096291666665
598.2816000000001,8564.69783333333
598.5367000000002,8560.60583333333
598.7916999999999,8558.136541666665
599.0467000000003,8553.217291666668
599.3016000000002,8548.714083333334
599.5566,8544.654208333333
599.8116000000003,8541.04908333333
600.0665000000004,8537.897166666666
600.3215,8533.445041666668
600.5764,8530.742124999999
600.8313999999997,8527.41891666667
601.0863000000004,8524.735833333332
601.3412000000003,8520.755625000003
601.5961000000002,8517.721
601.8510000000002,8515.606916666666
602.1059000000004,8512.145625000003
602.3608000000003,8507.718541666667
602.6157000000002,8503.936291666669
602.8706000000001,8500.618958333334
603.1254000000004,8497.42508333333
603.3803000000003,8493.051583333332
603.6350999999996,8488.501625
603.8899999999998,8484.230833333335
604.1448,8480.35825
604.3996000000002,8477.365291666669
604.6543999999998,8473.702124999994
604.9092,8471.153041666668
605.1640000000002,8468.444958333333
605.4187999999998,8465.915791666668
605.6736,8463.106666666665
605.9282999999997,8460.231708333331
606.1831000000001,8456.560916666667
606.4377999999998,8453.100416666666
606.6926000000002,8450.585624999998
606.9472999999999,8447.912083333333
607.2021000000003,8445.367583333331
607.4568,8440.122208333332
607.7114999999998,8436.407083333334
607.9662000000003,8432.713124999998
608.2209000000001,8430.127500000002
608.4755999999999,8426.598375000003
608.7302,8424.218041666665
608.9848999999998,8421.586583333336
609.2396000000003,8417.760999999999
609.4941999999996,8414.104708333334
609.7489000000004,8410.695458333332
610.0035000000003,8406.73545833333
610.2580999999997,8403.181416666666
610.5126999999998,8399.467833333329
610.7674000000002,8394.853708333334
611.0220000000004,8391.447166666667
611.2765999999997,8387.96675
611.5311,8383.903750000001
611.7857000000002,8379.525875000001
612.0403000000002,8375.788916666663
612.2947999999998,8371.935958333332
612.5494,8367.224000000002
612.8039000000003,8361.704458333332
613.0584999999996,8357.381083333334
613.313,8352.204666666668
613.5674999999997,8346.6805
613.822,8341.850999999997
614.0764999999997,8336.424208333332
614.331,8330.601208333333
614.5854999999997,8325.3415
614.84,8320.302708333333
615.0944999999997,8315.075875
615.3489000000003,8310.215750000001
615.6034,8303.599708333333
615.8577999999999,8299.072291666665
616.1123000000002,8293.506041666667
616.3667000000004,8287.820083333338
616.6211000000002,8281.850041666667
616.8755,8276.509749999997
617.1299,8271.615249999999
617.3842999999998,8265.906916666667
617.6386999999996,8260.415875000002
617.8930999999998,8254.0715
618.1474,8248.901875000001
618.4017999999998,8243.858791666667
618.6561,8238.573000000002
618.9105,8234.031208333334
619.1648000000004,8229.487791666666
619.4190999999996,8224.514625000002
619.6735000000003,8219.899625
619.9277999999998,8214.48325
620.1821,8210.468208333332
620.4364000000004,8204.865875000001
620.6906999999997,8198.332416666668
620.9449000000003,8192.429166666667
621.1991999999997,8188.266083333332
621.4534999999997,8182.513750000001
621.7077000000004,8178.907208333334
621.9619000000001,8174.207750000002
622.2162000000003,8169.130375
622.4704,8164.054874999999
622.7245999999997,8159.067958333336
622.9788000000003,8155.372291666666
623.2330000000001,8152.6272500000005
623.4871999999997,8149.425083333335
623.7414000000003,8144.976833333331
623.9956000000001,8139.954791666668
624.2497999999997,8135.23175
624.5038999999998,8131.1582499999995
624.7580999999997,8128.261125
625.0121999999997,8123.536916666668
625.2662999999998,8120.408416666666
625.5205000000002,8117.259291666666
625.7746000000002,8113.193541666665
626.0287000000003,8109.659333333332
626.2828000000003,8105.660791666668
626.5368999999996,8102.961583333336
626.7909999999997,8099.872666666666
627.045,8096.392041666669
627.2991000000001,8093.109166666664
627.5532000000002,8090.108250000001
627.8071999999997,8085.8965
628.0612999999997,8082.435291666666
628.3153000000001,8078.853041666668
628.5692999999997,8076.384125
628.8233,8072.437708333331
629.0773000000004,8069.405916666666
629.3312999999999,8065.718999999998
629.5853000000002,8063.242374999999
629.8392999999998,8060.064791666667
630.0933000000003,8056.180625000001
630.3472,8052.724624999996
630.6011999999996,8048.883708333334
630.8551000000002,8045.213541666668
631.1090999999998,8042.251583333331
631.3629999999998,8038.9380416666645
631.6169000000004,8035.002750000003
631.8709,8031.290958333332
632.1247999999997,8027.364333333332
632.3786999999998,8023.974875000001
632.6326000000004,8019.138708333337
632.8863999999998,8015.012083333334
633.1402999999996,8012.249541666667
633.3942000000002,8009.3996249999955
633.6479999999997,8005.920541666669
633.9019000000003,8001.685624999999
634.1556999999998,7998.207416666664
634.4094999999999,7994.498916666666
634.6633999999998,7990.712791666665
634.9172,7986.112916666668
635.1710000000002,7981.162708333336
635.4248000000002,7976.569875000004
635.6785999999997,7972.156666666669
635.9323999999998,7968.506999999999
636.1861000000004,7964.825749999999
636.4398999999997,7960.0469583333315
636.6936000000002,7953.6030833333325
636.9474000000005,7950.691333333333
637.2011000000001,7944.240750000001
637.4549000000002,7939.588125000002
637.7086,7934.465666666671
637.9622999999997,7928.909166666665
638.2160000000002,7923.450249999999
638.4696999999998,7917.259833333334
638.7234000000003,7911.254249999998
638.9771,7905.166458333332
639.2307,7899.845499999997
639.4843999999998,7895.162541666666
639.7379999999998,7889.177208333334
639.9917000000004,7883.493750000001
640.2453000000004,7877.557374999999
640.4989999999999,7872.627875000001
640.7525999999999,7866.720541666666
641.0061999999999,7860.725416666664
641.2597999999999,7855.522208333333
641.5133999999999,7849.039833333336
641.7669999999999,7844.08125
642.0206,7837.2761666666665
642.2741000000002,7831.538583333334
642.5277000000002,7825.864291666664
642.7811999999998,7820.4778750000005
643.0347999999998,7813.715458333333
643.2883,7808.976416666671
643.5417999999995,7802.559666666663
643.7953999999995,7796.697375
644.0488999999999,7790.933833333332
644.3024000000004,7785.592874999998
644.5558999999997,7780.371374999999
644.8094,7775.235750000003
645.0627999999998,7767.978541666665
645.3163000000003,7763.290249999999
645.5697999999998,7758.558958333334
645.8232000000003,7753.252291666665
646.0766999999997,7747.565583333333
646.3300999999997,7742.6580833333355
646.5835000000002,7737.545708333334
646.8369000000001,7732.02433333333
647.0903,7726.943583333331
647.3436999999998,7721.83754166667
647.5970999999995,7716.897541666668
647.8505000000004,7711.4962916666655
648.1039,7707.336541666667
648.3572999999998,7702.320833333332
648.6106,7696.189791666667
648.8639999999997,7690.51425
649.1173,7684.921041666667
649.3706000000001,7679.492374999999
649.6239999999999,7673.981875000001
649.8773,7669.970916666668
650.1306000000003,7664.459125000002
650.3839000000003,7660.725166666668
650.6371999999997,7656.9215416666675
650.8904999999996,7652.243250000002
651.1437000000002,7647.038250000002
651.3970000000004,7642.419791666668
651.6502999999998,7637.8623750000015
651.9035000000002,7634.266083333332
652.1566999999997,7630.515416666665
652.41,7625.088333333332
652.6631999999995,7621.3076666666675
652.9164,7616.948750000003
653.1695999999997,7613.039333333333
653.4228000000002,7609.69825
653.6759999999998,7605.866041666665
653.9292000000004,7602.363166666665
654.1823999999998,7599.364916666669
654.4354999999997,7595.992541666667
654.6887000000003,7592.506291666665
654.9418000000002,7589.231541666668
655.1949999999998,7586.296208333333
655.4480999999997,7581.879500000002
655.7011999999996,7577.981374999999
655.9542999999998,7574.00725
656.2073999999998,7569.649750000003
656.4604999999997,7566.235583333335
656.7135999999996,7563.139208333331
656.9667000000004,7560.664375000001
657.2198000000003,7557.623624999997
657.4727999999997,7554.8234583333315
657.7258999999998,7551.487666666664
657.9789,7548.941
658.2319000000002,7545.2503333333325
658.4850000000002,7543.032916666666
658.7379999999998,7539.787416666669
658.991,7537.468458333336
659.2440000000003,7535.464999999999
659.4969999999997,7531.754125
659.75,7530.243291666667
660.0030000000003,7527.0252083333335
660.2559,7524.727958333334
660.5089000000003,7523.855166666668
660.7618000000001,7520.063166666663
661.0148000000004,7518.484791666667
661.2677000000002,7515.390124999999
661.5206,7514.332958333329
661.7736000000003,7511.757666666669
662.0265,7508.727958333333
662.2793999999998,7505.5934583333365
662.5323000000003,7503.188750000001
662.7851000000005,7500.370333333333
663.0380000000004,7498.806208333332
663.2909,7496.7282083333375
663.5437000000001,7494.938666666669
663.7965999999998,7492.16258333333
664.0494,7490.270541666668
664.3022999999997,7489.512125
664.5550999999997,7487.8665
664.8078999999999,7486.939125000001
665.0607,7485.286666666666
665.3135000000001,7482.774708333335
665.5663000000003,7481.455625000002
665.8191000000003,7478.324666666668
666.0717999999998,7476.358916666667
666.3246,7475.253083333333
666.5774,7474.867208333332
666.8300999999997,7471.8060000000005
667.0828,7471.169958333332
667.3356000000002,7468.817333333333
667.5882999999998,7467.253250000001
667.8410000000002,7465.963208333337
668.0936999999998,7463.549749999999
668.3464000000002,7461.544875
668.5990999999998,7459.625
668.8518000000003,7457.369375000003
669.1044,7454.836125000002
669.3570999999997,7453.449791666666
669.6098000000001,7451.422166666666
669.8624,7448.991874999999
670.1149999999999,7446.988958333335
670.3677000000002,7445.505666666667
670.6203000000004,7443.565458333334
670.8729000000002,7442.333333333332
671.1255,7440.191875
671.3781,7439.348291666666
671.6306999999998,7438.454333333334
671.8832000000001,7437.381083333333
672.1358,7434.718875
672.3883999999999,7433.413416666667
672.6409000000002,7430.801291666664
672.8935,7428.508708333335
673.1460000000002,7426.653666666665
673.3984999999998,7424.758250000003
673.651,7423.358374999999
673.9035000000002,7420.960291666666
674.1559999999995,7418.855708333333
674.4084999999997,7416.892083333335
674.661,7414.4783333333335
674.9135000000002,7412.212666666663
675.1659999999997,7409.843333333335
675.4184000000004,7408.025041666668
675.6708999999996,7406.154791666667
675.9233000000003,7403.220124999999
676.1756999999999,7402.1145
676.4282000000002,7400.089833333334
676.6805999999998,7399.132708333334
676.9330000000004,7397.197625
677.1854000000002,7395.344000000001
677.4377999999998,7393.65525
677.6900999999999,7391.929041666669
677.9424999999997,7389.837041666666
678.1949000000003,7388.522125
678.4472000000002,7386.369
678.6996,7383.979958333333
678.9519,7381.856916666667
679.2042,7379.951708333334
679.4565999999996,7377.660749999998
679.7088999999997,7374.577249999999
679.9611999999998,7372.420999999999
680.2135,7369.845416666667
680.4657000000002,7367.879666666667
680.7180000000003,7366.355624999999
680.9703000000004,7365.0524166666655
681.2226000000005,7364.595333333331
681.4748,7362.756458333337
681.7270000000003,7360.883791666666
681.9792999999995,7357.434291666669
682.2315,7355.885041666667
682.4837000000002,7353.1487916666665
682.7358999999998,7350.824250000001
682.9881000000004,7348.043833333333
683.2402999999999,7345.190291666667
683.4925000000002,7344.207500000001
683.7446999999997,7341.886624999998
683.9968000000003,7340.068374999998
684.2489999999999,7338.356958333333
684.5010999999996,7336.876208333331
684.7533000000002,7333.947583333332
685.0054,7331.745000000002
685.2574999999998,7329.326833333335
685.5097000000001,7327.117041666667
685.7618000000001,7324.631083333334
686.0139,7322.329958333335
686.2659000000002,7320.909083333331
686.518,7319.635833333331
686.7700999999998,7316.525416666668
687.0221999999999,7314.616541666666
687.2742,7312.604333333333
687.5262999999997,7311.37
687.7783,7309.410583333333
688.0303000000002,7307.948249999998
688.2823000000003,7307.277083333333
688.5342999999998,7305.999791666666
688.7864000000004,7303.535916666668
689.0383,7301.566291666663
689.2903000000001,7299.649249999999
689.5422999999996,7297.512166666667
689.7942999999997,7296.157333333334
690.0462000000002,7294.09616666667
690.2981999999997,7293.7673749999985
690.5501000000003,7291.5476666666655
690.8021000000003,7290.5632916666655
691.054,7288.6935
691.3058999999998,7287.070666666667
691.5578000000004,7283.952916666666
691.8096999999999,7281.518916666667
692.0616000000005,7279.774708333335
692.3135000000001,7276.486541666663
692.5653999999996,7273.880833333333
692.8171999999996,7272.0785000000005
693.0691000000002,7269.667166666665
693.3209000000002,7266.8035833333315
693.5728,7264.9425416666645
693.8246,7262.340458333335
694.0764,7260.716708333333
694.3282,7258.12341666667
694.58,7255.8665
694.8318,7253.672291666666
695.0836,7250.754708333337
695.3354,7248.074916666665
695.5872,7245.2885
695.8389000000002,7242.875999999999
696.0907000000002,7239.708791666667
696.3423999999997,7235.700541666666
696.5941999999997,7231.156958333333
696.8459000000001,7227.480583333334
697.0976000000005,7224.147708333331
697.3493,7221.438833333334
697.6010000000001,7219.501416666666
697.8526999999999,7217.349125000001
698.1044,7215.499666666667
698.3561000000004,7213.514458333332
698.6077000000004,7211.4823750000005
698.8593999999998,7207.9235833333305
699.1110000000003,7205.822666666666
699.3626999999998,7203.458208333333
699.6142999999997,7200.775500000001
699.8659000000002,7197.2785416666675
700.1175000000002,7195.144416666667
700.3691999999996,7192.538083333334
700.6206999999999,7190.267208333334
700.8722999999995,7187.444375
701.1239000000004,7184.87116666667
701.3755,7183.086541666667
701.6270999999998,7180.27058333333
701.8786,7178.0993333333345
702.1301999999997,7175.826000000002
702.3817,7172.636333333336
702.6332000000001,7169.440166666664
702.8847000000001,7166.664375000001
703.1362000000004,7163.937458333333
703.3878000000003,7161.652291666668
703.6391999999997,7158.3649583333345
703.8907,7154.600875
704.1422000000001,7151.487291666665
704.3937000000001,7148.272500000002
704.6450999999998,7145.395916666667
704.8966,7141.910166666666
705.1479999999997,7137.792916666665
705.3994999999996,7134.1565
705.6509000000001,7129.972791666664
705.9022999999999,7126.889708333333
706.1537000000003,7123.134041666667
706.4051,7119.5495833333325
706.6565000000005,7116.431416666665
706.9079,7114.225166666663
707.1592999999998,7110.261458333335
707.4105999999997,7106.315083333332
707.6620000000001,7102.953583333331
707.9133,7098.779499999998
708.1646999999998,7095.472791666664
708.4159999999997,7092.854374999998
708.6672999999996,7090.054458333332
708.9186000000004,7085.369750000001
709.1699000000003,7081.531
709.4212000000002,7077.3542916666665
709.6725000000001,7072.9586666666655
709.9238000000004,7069.264791666666
710.1751000000003,7065.483249999998
710.4262999999996,7062.756541666668
710.6775999999995,7058.264250000003
710.9287999999998,7053.770791666666
711.1800000000002,7048.4651250000015
711.4313000000001,7044.054416666667
711.6825000000003,7039.510625000002
711.9336999999997,7036.622416666665
712.1849000000001,7032.150791666666
712.4361000000004,7026.823875000001
712.6872999999999,7022.185916666665
712.9383999999995,7016.780833333334
713.1895999999998,7011.408291666666
713.4408000000002,7005.086708333335
713.6918999999999,6998.178708333333
713.9429999999998,6991.537833333333
714.1942,6986.304041666666
714.4452999999999,6980.321541666667
714.6964000000003,6973.391750000002
714.9475000000001,6967.179208333336
715.1985999999998,6962.288875000002
715.4496999999997,6956.424666666666
715.7008000000001,6948.278374999998
715.9518000000003,6940.5048333333325
716.2029000000001,6932.3365
716.4539999999998,6925.531833333335
716.705,6916.712374999999
716.956,6909.906166666665
717.2070999999997,6901.312083333331
717.4581,6894.210333333335
717.7091,6886.865458333333
717.9601000000001,6879.443458333332
718.2111000000003,6871.485791666665
718.4621000000002,6863.210750000001
718.7129999999999,6855.936833333334
718.964,6848.476333333335
719.215,6840.493833333337
719.4658999999997,6832.807625
719.7168999999999,6824.315916666666
719.9678000000002,6817.190833333334
720.2186999999999,6809.417333333334
720.4696000000002,6801.137791666667
720.7204999999999,6793.625875000002
720.9714000000002,6786.786874999999
721.2222999999999,6779.637708333335
721.4732000000002,6771.668583333332
721.7240999999999,6764.975041666666
721.9748999999997,6757.276958333336
722.2258,6749.051375
722.4766,6741.769208333334
722.7273999999999,6733.763333333332
722.9783000000002,6726.032875000001
723.2291000000004,6718.5245
723.4799000000002,6709.766458333333
723.7307,6701.365708333332
723.9815,6692.93983333333
724.2322999999998,6685.499291666666
724.4830000000001,6678.126249999998
724.7338,6671.270000000001
724.9845999999999,6664.873208333334
725.2353000000002,6659.119083333335
725.4861,6653.2927500000005
725.7368000000001,6646.648041666666
725.9874999999997,6641.250416666666
726.2381999999999,6635.9222500000005
726.4889000000002,6630.118166666668
726.7396000000003,6623.567624999999
726.9902999999999,6617.299999999998
727.241,6610.008125
727.4917000000002,6603.871249999999
727.7423,6597.755458333333
727.9930000000003,6591.478499999998
728.2435999999999,6586.1675416666685
728.4941999999996,6579.959458333332
728.7448999999998,6575.572749999997
728.9955000000004,6572.130791666669
729.2461000000002,6567.344833333333
729.4966999999998,6562.388375000002
729.7472999999995,6557.914333333335
729.9979000000002,6553.195583333333
730.2484000000003,6548.772833333336
730.4989999999999,6543.1804999999995
730.7495999999996,6537.5467083333315
731.0000999999997,6533.3315
731.2507000000004,6529.273500000002
731.5012000000002,6525.041041666668
731.7517000000003,6519.224125
732.0022000000004,6514.99925
732.2527000000005,6509.065000000002
732.5031999999997,6504.178124999999
732.7536999999998,6499.040916666668
733.0041999999999,6494.578375
733.2546999999998,6490.44804166667
733.5051000000002,6486.915333333334
733.7556000000003,6483.382375
734.0059999999999,6478.542708333335
734.2564000000001,6474.519916666667
734.5069000000002,6471.141041666669
734.7572999999998,6468.474166666666
735.0077,6468.4202916666645
735.2580999999996,6467.490000000001
735.5085,6468.025250000002
735.7589000000003,6468.921708333331
736.0092000000003,6468.81375
736.2595999999999,6468.903750000001
736.5100000000001,6469.624791666668
736.7603,6469.401458333333
737.0105999999997,6467.837124999998
737.2610000000001,6466.585166666668
737.5113,6466.526000000001
737.7615999999999,6465.871666666667
738.0118999999999,6465.3367499999995
738.2621999999997,6464.080624999998
738.5125000000003,6463.481166666667
738.7628000000003,6463.066
739.0130000000004,6462.027249999999
739.2633000000001,6461.922791666668
739.5135000000005,6461.274166666669
739.7638000000002,6460.336291666664
740.0139999999997,6459.725666666669
740.2641999999997,6459.104208333334
740.5144,6458.010958333335
740.7646999999998,6457.2403749999985
741.0149,6456.306708333333
741.2649999999999,6455.930833333332
741.5151999999999,6456.380874999999
741.7654000000001,6460.193583333335
742.0156000000002,6466.751791666668
742.2657,6477.182041666664
742.5159000000002,6492.475500000001
742.7659999999997,6513.8024166666655
743.0161000000003,6541.7117499999995
743.2662,6582.975375000002
743.5164000000003,6647.624958333334
743.7664999999998,6742.568666666667
744.0164999999998,6836.547
744.2666000000004,6909.716000000001
744.5167,6963.9089583333325
744.7667999999999,7004.96975
745.0167999999999,7039.447166666668
745.2669000000001,7065.058708333337
745.5169000000001,7079.183625000001
745.7669000000001,7087.281500000001
746.0169999999999,7093.486833333332
746.2669999999999,7101.328416666664
746.5169999999999,7108.8094999999985
746.7669999999999,7117.6807916666685
747.0169999999999,7129.292125000003
747.2669999999999,7145.750874999998
747.5169000000001,7170.4692916666645
747.7669000000001,7192.629375
748.0167999999999,7206.537916666667
748.2667999999999,7215.980916666668
748.5167,7226.534666666666
748.7666000000003,7239.766375000002
749.0166000000003,7255.929333333331
749.2665000000001,7269.589291666667
749.5164000000003,7280.954208333334
749.7662999999998,7292.059249999998
750.0161000000003,7303.048333333332
750.2659999999997,7312.368625000002
750.5159,7321.571374999997
750.7657,7327.795000000001
751.0156000000001,7332.500125000001
751.2654000000001,7334.802333333338
751.5152000000002,7334.825166666669
751.7651000000002,7334.250458333335
752.0148999999998,7334.617958333335
752.2646999999998,7336.208874999999
752.5144999999999,7340.331208333333
752.7643000000002,7346.052833333334
753.0139999999997,7354.485666666665
753.2638000000002,7363.566999999999
753.5135999999999,7371.950416666667
753.7633000000001,7378.268041666666
754.0131,7385.642833333332
754.2628000000003,7396.056749999997
754.5125000000003,7405.861583333332
754.7621999999998,7414.151708333331
755.0118999999999,7420.03425
755.2616000000002,7422.277541666666
755.5112999999998,7423.410541666668
755.7610000000001,7423.349666666665
756.0107000000002,7421.704875000002
756.2603000000003,7420.880583333332
756.5099999999999,7418.062875000002
756.7595999999999,7414.964083333333
757.0093,7409.195541666664
757.2589000000003,7400.193749999999
757.5085,7387.196333333331
757.7580999999996,7369.686958333336
758.0076999999998,7345.902083333334
758.2572999999999,7317.251708333334
758.5069000000002,7274.064458333333
758.7564999999996,7206.821583333333
759.0059999999999,7107.960625000001
759.2556000000003,7011.468208333333
759.5051,6934.824291666665
759.7546999999998,6878.00308333333
760.0041999999997,6833.302250000002
760.2536999999999,6792.423916666667
760.5031999999997,6760.391333333333
760.7527000000005,6738.309208333333
761.0022000000002,6723.0085
761.2517000000003,6710.963291666664
761.5012000000002,6698.972249999999
761.7507000000004,6688.8503333333365
762.0000999999999,6679.477166666668
762.2495999999996,6666.741583333333
762.4989999999999,6648.456583333333
762.7485,6620.8301249999995
762.9979,6594.441583333332
763.2472999999995,6576.812916666666
763.4966999999998,6564.797500000001
763.7461000000002,6550.419541666665
763.9955000000004,6532.244374999999
764.2449,6509.814083333334
764.4941999999998,6488.188583333334
764.7436000000001,6468.104791666668
764.993,6446.468999999998
765.2423000000002,6424.885333333335
765.4915999999998,6402.602500000002
765.741,6381.135208333334
765.9902999999999,6362.99925
766.2396000000003,6346.371124999999
766.4889000000002,6332.512875
766.7381999999999,6319.042333333335
766.9874999999997,6305.933958333331
767.2366999999999,6294.047916666666
767.4860000000003,6280.440374999999
767.7353000000002,6263.592708333336
767.9845000000001,6244.403875000001
768.2337000000002,6222.948458333333
768.4830000000001,6201.284416666668
768.7322,6182.484791666667
768.9814000000002,6167.201000000001
769.2306000000002,6150.784333333333
769.4797999999997,6132.333125000001
769.7289999999998,6113.684208333332
769.9781999999999,6098.366833333333
770.2273000000001,6085.053541666668
770.4765000000002,6074.908166666668
770.7256000000001,6065.251916666665
770.9748,6056.519458333331
771.2239000000004,6049.423208333334
771.473,6042.097958333332
771.7222,6037.0800833333315
771.9712999999998,6032.538958333332
772.2203999999998,6027.217916666667
772.4694,6022.394625000002
772.7184999999995,6018.259291666668
772.9676,6013.590833333335
773.2167000000004,6008.454250000002
773.4657000000002,6001.441833333334
773.7147000000003,5993.729499999999
773.9637999999999,5985.575124999999
774.2127999999999,5978.031375000001
774.4618000000005,5967.275708333332
774.7108000000003,5956.828291666665
774.9598000000002,5945.521791666669
775.2088000000002,5934.235625000001
775.4578,5924.909333333334
775.7068,5916.708791666667
775.9557000000001,5909.866166666667
776.2046999999999,5904.018958333333
776.4536000000003,5896.87975
776.7026000000002,5888.488458333334
776.9514999999997,5878.556958333332
777.2004000000001,5867.125166666665
777.4493000000001,5856.617499999999
777.6982000000002,5844.259958333332
777.9470999999999,5834.091416666667
778.196,5824.401833333332
778.4449000000001,5813.227458333335
778.6938000000005,5800.972083333333
778.9426,5790.255833333333
779.1915000000004,5779.9787916666655
779.4402999999999,5773.139458333334
779.6890999999997,5769.128541666666
779.9379999999998,5766.616041666667
780.1867999999996,5766.452250000001
780.4356000000002,5764.842166666668
780.6843999999998,5762.098958333335
780.9331999999998,5757.916291666665
781.1818999999997,5753.276041666668
781.4307000000003,5749.381583333332
781.6794999999998,5746.393416666667
781.9282,5744.1035833333335
782.1769999999998,5741.821249999998
782.4256999999999,5738.441083333334
782.6744,5734.7785
782.9231,5731.131208333333
783.1718,5727.019625000001
783.4205000000001,5722.495124999999
783.6692000000002,5716.800791666668
783.9179000000003,5709.665624999999
784.1666000000004,5700.891541666669
784.4151999999998,5691.738250000001
784.6638999999997,5682.871708333332
784.9125,5673.9598750000005
785.1612,5663.502791666665
785.4098,5652.508500000001
785.6584000000001,5640.427333333333
785.9069999999997,5628.998041666666
786.1555999999997,5617.048583333333
786.4042000000004,5604.648624999999
786.6528,5590.562083333333
786.9014000000001,5575.186583333332
787.1499000000002,5558.114125000001
787.3984999999998,5542.357583333333
787.6470000000004,5526.605500000001
787.8956,5510.475541666667
788.1441,5495.312666666665
788.3925999999997,5480.819916666666
788.6411000000003,5467.367333333332
788.8896,5456.044166666664
789.1381,5445.030374999999
789.3866000000002,5435.370958333336
789.6350999999996,5425.934541666665
789.8835,5417.044583333333
790.132,5408.752458333333
790.3804000000003,5401.369583333334
790.6288999999998,5393.523749999999
790.8773,5386.13975
791.1257000000004,5377.823583333336
791.3741999999999,5368.631958333333
791.6226,5359.862833333334
791.8709000000002,5350.1459166666655
792.1193,5340.391416666666
792.3677000000001,5329.147541666668
792.6160999999997,5317.128791666665
792.8644,5307.598083333334
793.1128000000002,5296.84575
793.3610999999997,5287.211124999999
793.6095,5277.742666666666
793.8578000000001,5267.1120833333325
794.1061000000004,5254.8505
794.3544,5241.933916666669
794.6026999999998,5226.475874999999
794.851,5209.233625000001
795.0993000000002,5190.594041666666
795.3475,5172.216583333334
795.5957999999996,5154.603666666668
795.8440000000005,5137.7636666666685
796.0923000000001,5122.353125000001
796.3404999999999,5106.233000000001
796.5887000000001,5088.695125
796.8369999999996,5071.207666666668
797.0852,5054.101708333335
797.3333999999996,5037.470791666668
797.5816,5021.707333333335
797.8296999999999,5008.2607916666675
798.0779000000001,4995.859791666668
798.3260999999999,4983.380291666668
798.5741999999996,4971.786875
798.8224000000005,4960.771374999999
799.0705000000002,4949.407291666665
799.3186,4938.218791666666
799.5668000000002,4927.338541666669
799.8149,4915.214583333333
800.0629999999998,4904.926666666669
800.3111000000002,4894.550124999999
800.5591,4884.484583333333
800.8071999999997,4874.8883749999995
801.0553,4863.527583333333
801.3032999999997,4851.378958333333
801.5514000000002,4838.3561249999975
801.7994,4826.452458333335
802.0473999999998,4814.809583333333
802.2955000000001,4803.99925
802.5434999999999,4793.123666666667
802.7914999999998,4781.801458333333
803.0395000000002,4771.297708333335
803.2873999999998,4759.44775
803.5354000000002,4747.6904583333335
803.7834000000001,4734.461833333335
804.0313,4720.823333333331
804.2792999999998,4706.983833333335
804.5272000000003,4693.027291666667
804.7752,4679.770791666666
805.0231,4666.769125
805.2710000000002,4655.585791666667
805.5188999999996,4645.217958333334
805.7668,4637.001333333331
806.0146999999998,4630.341166666666
806.2625000000003,4624.781666666665
806.5103999999997,4619.413500000001
806.7583,4613.881583333335
807.0061,4609.460416666668
807.2540000000004,4604.389958333332
807.5017999999997,4600.665375000001
807.7495999999996,4597.566708333332
807.9974000000001,4594.019666666668
808.2452,4592.003833333333
808.493,4589.415999999998
808.7407999999997,4588.490333333334
808.9886000000002,4587.123208333333
809.2364000000001,4585.744416666666
809.4841,4584.759125000001
809.7319000000001,4584.217208333333
809.9796,4583.807833333333
810.2273,4584.777416666667
810.4750999999998,4586.656041666667
810.7227999999997,4588.893458333332
810.9704999999998,4591.916458333334
811.2181999999998,4593.624583333333
811.4658999999997,4595.1251250000005
811.7135000000002,4595.827791666665
811.9612000000001,4594.3884166666685
812.2089,4590.835875
812.4565000000001,4585.458958333334
812.7042,4578.461833333332
812.9518000000002,4569.789500000002
813.1994,4560.262583333333
813.447,4550.157208333333
813.6946000000002,4539.465375000001
813.9422,4528.262874999999
814.1898,4516.716083333334
814.4374000000001,4505.042125
814.685,4492.869833333331
814.9325000000002,4481.292416666667
815.1801,4467.730541666667
815.4275999999995,4454.235958333334
815.6752,4440.997249999999
815.9226999999996,4428.949874999999
816.1702000000004,4418.855458333333
816.4176999999996,4410.514416666668
816.6651999999998,4403.174291666667
816.9127000000003,4396.824749999999
817.1601999999999,4389.180666666668
817.4076999999999,4380.528916666667
817.6551,4371.17675
817.9026,4362.024333333334
818.15,4351.612416666668
818.3974999999996,4342.400666666667
818.6448999999998,4332.715666666667
818.8922999999996,4324.882041666666
819.1396999999998,4316.703541666667
819.3871,4308.267916666667
819.6345,4299.390083333333
819.8819000000002,4289.531750000001
820.1293000000002,4279.146416666667
820.3765999999997,4265.943916666666
820.6239999999999,4251.596583333333
820.8713000000001,4235.326333333334
821.1186999999995,4216.552916666666
821.3660000000003,4196.437666666666
821.6133000000004,4175.351291666667
821.8606,4153.888166666667
822.1078999999995,4131.2379999999985
822.3551999999996,4108.432083333334
822.6025000000004,4084.958166666667
822.8498,4061.607291666666
823.0970000000002,4037.767625000001
823.3443000000003,4012.047583333333
823.5915,3986.0984583333343
823.8388,3959.0327083333336
824.0859999999997,3933.059541666666
824.3332000000005,3907.8357499999984
824.5804000000002,3882.631333333333
824.8276000000002,3857.6460833333335
825.0747999999999,3832.9218333333333
825.322,3807.4480833333328
825.5692000000004,3781.1375416666656
825.8163,3754.218625
826.0635000000001,3727.22925
826.3106000000004,3700.214625
826.5578,3673.3736666666664
826.8048999999995,3648.2307499999993
827.0519999999998,3624.421666666667
827.2991000000001,3601.5421250000004
827.5462000000003,3579.5074999999993
827.7932999999999,3558.112125
828.0404000000003,3537.1920416666667
828.2874999999999,3516.673833333333
828.5345000000002,3497.9116666666655
828.7815999999998,3478.9032916666674
829.0287000000002,3460.2830833333323
829.2756999999997,3442.5996249999994
829.5227,3424.4253333333345
829.7697000000004,3406.7142083333324
830.0168,3387.9937083333334
830.2638000000003,3370.088333333332
830.5107000000002,3352.448291666667
830.7576999999997,3334.239166666666
831.0047,3315.398541666668
831.2517000000004,3295.845666666668
831.4986000000002,3275.6044166666666
831.7455999999997,3255.0194583333337
831.9925000000002,3234.059083333333
832.2393999999999,3213.9713749999996
832.4864000000002,3195.1781250000004
832.7333,3176.9362500000007
832.9801999999996,3158.1299583333325
833.2271,3140.640041666667
833.4739999999997,3121.6252916666667
833.7207999999996,3103.651291666667
833.9676999999998,3084.709833333333
834.2145999999997,3065.3295833333336
834.4614,3046.256041666667
834.7082000000005,3028.0665833333337
834.9550999999996,3011.049583333332
835.2019,2994.103083333334
835.4487000000005,2978.3902083333323
835.6955000000003,2963.141041666667
835.9423,2947.5888333333332
836.1890999999997,2932.9550833333337
836.4359000000003,2918.4066249999996
836.6826,2904.788666666667
836.9294000000004,2891.2304166666668
837.1761000000002,2878.7160416666666
837.4229,2866.178375
837.6695999999998,2854.848791666667
837.9163000000004,2842.622291666667
838.1630000000004,2830.846041666666
838.4097,2819.9067916666663
838.6564,2809.4012500000003
838.9030999999997,2798.9924166666665
839.1497999999996,2788.5109583333337
839.3965000000002,2778.4247916666664
839.6430999999999,2768.5494999999996
839.8898000000005,2758.6768333333343
840.1363999999998,2748.6511666666665
840.3830000000003,2738.939958333333
840.6297,2728.37225
840.8763,2717.68325
841.1228999999998,2706.3777916666663
841.3695000000004,2695.1537916666666
841.6160999999996,2684.3610833333337
841.8626000000003,2674.056541666667
842.1092000000002,2663.229583333333
842.3557999999999,2652.9410833333345
842.6023,2642.6652499999996
842.8489000000004,2632.5079166666665
843.0953999999997,2622.3260416666667
843.3418999999998,2612.5078750000007
843.5884000000002,2602.2149583333335
843.8349000000003,2592.1744583333334
844.0813999999996,2582.3223749999997
844.3279000000001,2572.285541666667
844.5744,2562.443083333333
844.8208,2553.055083333333
845.0673,2544.4555416666662
845.3138,2535.813041666667
845.5602,2526.647958333333
845.8066,2518.570416666666
846.053,2509.519
846.2994999999997,2501.117875
846.5458999999997,2492.3332083333344
846.7922999999997,2484.00625
847.0386,2475.7165000000005
847.285,2467.6252083333334
847.5314,2459.1015833333327
847.7777,2450.997791666666
848.0241,2443.221791666667
848.2704,2434.947333333333
848.5168,2427.3619583333334
848.7631,2419.2125416666663
849.0094000000003,2410.8165000000004
849.2557000000002,2403.103208333334
849.5020000000003,2395.889333333334
849.7482999999996,2388.1460416666664
849.9945999999997,2380.29625
850.2407999999997,2372.5869999999995
850.4870999999998,2364.7332083333336
850.7333,2356.564125000001
850.9796,2348.4820416666676
851.2258,2340.4579166666667
851.4720000000002,2332.586291666667
851.7181999999997,2324.499458333334
851.9644000000004,2316.5410833333326
852.2105999999999,2307.92425
852.4568,2300.3114583333336
852.703,2291.8223750000006
852.9491999999996,2283.8438333333334
853.1952999999997,2276.0486249999994
853.4415000000005,2268.2464166666655
853.6875999999999,2260.2655416666666
853.9337,2251.9981250000005
854.1798999999995,2243.743166666667
854.4259999999998,2235.5402083333333
854.6720999999999,2227.962458333334
854.9182,2220.190458333334
855.1643000000003,2212.6042499999994
855.4102999999997,2204.622999999999
855.6564,2197.147583333333
855.9023999999995,2189.697791666666
856.1484999999997,2182.166833333333
856.3944999999999,2175.118083333334
856.6406000000001,2168.2260416666672
856.8866000000003,2160.7858750000005
857.1326000000005,2153.416583333333
857.3786,2145.8243333333335
857.6245999999995,2138.786250000001
857.8705999999997,2132.0281250000003
858.1166,2125.5042083333337
858.3624999999996,2119.0783749999996
858.6084999999998,2112.584583333333
858.8544,2105.560833333333
859.1003999999997,2098.932708333334
859.3462999999998,2092.481500000001
859.5921999999996,2086.298416666667
859.8381000000005,2079.34275
860.0840000000002,2072.3904166666666
860.3299000000003,2066.0617916666665
860.5758,2059.5545
860.8217000000003,2052.2926249999996
861.0674999999998,2046.0085000000006
861.3133999999995,2039.3069166666671
861.5591999999998,2033.102583333333
861.8051,2026.206666666667
862.0508999999997,2019.299
862.2967000000002,2012.3380416666669
862.5424999999997,2005.5343333333333
862.7883,1997.9252916666662
863.0341000000004,1990.3339166666665
863.2799,1983.1644166666665
863.5256999999997,1976.2553750000004
863.7715,1968.7447083333336
864.0171999999998,1961.03175
864.263,1953.4628333333333
864.5086999999999,1945.830541666667
864.7544000000003,1937.9691666666668
865.0001000000001,1930.4516249999995
865.2459000000003,1922.6104999999995
865.4916000000002,1915.3939166666667
865.7371999999997,1907.9900416666662
865.9828999999995,1901.0068333333338
866.2285999999999,1893.9645416666672
866.4743000000003,1887.2293333333334
866.7199,1880.2499583333329
866.9655999999997,1873.1445833333335
867.2112000000002,1866.7851666666666
867.4568,1860.1995416666666
867.7023999999997,1853.6845833333334
867.9481000000001,1847.1652083333327
868.1936999999999,1840.5706666666665
868.4392000000004,1833.5121249999993
868.6847999999995,1826.8888750000003
868.9304000000001,1820.3279583333326
869.1759999999998,1813.9590833333339
869.4215000000003,1807.4557916666665
869.6670999999998,1800.2926249999998
869.9125999999998,1793.7379583333334
870.1581000000002,1787.4462499999997
870.4036000000001,1780.705791666667
870.6490999999997,1773.9995416666668
870.8945999999997,1766.9801250000003
871.1401000000002,1760.519666666667
871.3856000000001,1754.6523333333334
871.6310999999997,1748.3352499999994
871.8765999999997,1742.1135000000002
872.1219999999997,1736.123083333333
872.3673999999995,1729.98975
872.6129,1723.8871250000002
872.8583,1717.7063750000004
873.1036999999998,1711.3379583333335
873.3490999999998,1704.8460000000005
873.5944999999996,1698.2447083333336
873.8398999999995,1692.4993333333332
874.0852999999998,1686.6480416666664
874.3307,1680.6690833333332
874.5760000000005,1674.2447083333334
874.8214000000004,1668.264208333333
875.0666999999997,1662.330791666667
875.3120999999995,1655.4518333333335
875.5574000000001,1648.954708333333
875.8027000000001,1642.7486249999995
876.0479999999999,1636.7285
876.2933000000002,1630.4552083333335
876.5386,1624.018
876.7838999999999,1617.9502916666663
877.0290999999999,1611.955666666666
877.2743999999998,1606.435708333334
877.5195999999997,1600.9032916666665
877.7648999999997,1595.391375
878.0100999999996,1590.2926250000003
878.2553000000004,1584.8333333333333
878.5005999999997,1579.1225833333338
878.7458000000003,1573.6631249999998
878.9910000000003,1568.6900833333332
879.2360999999996,1563.985166666667
879.4812999999998,1559.0783333333331
879.7265000000003,1554.1200833333332
879.9717000000004,1549.0860416666665
880.2167999999997,1544.29325
880.4618999999998,1539.0371666666667
880.7070999999997,1533.921916666667
880.9521999999998,1528.7429166666668
881.1972999999999,1522.975791666667
881.4424,1517.319291666666
881.6875,1512.3634999999997
881.9326,1507.7238749999995
882.1777000000001,1502.5217499999997
882.4226999999995,1497.1338750000002
882.6677999999996,1492.2535416666667
882.9127999999996,1487.3338333333331
883.1578999999997,1482.247333333334
883.4029000000005,1477.9837916666668
883.6479,1473.3172083333332
883.8928999999999,1468.8424583333335
884.1379000000002,1464.3960000000004
884.3829000000002,1459.6293333333333
884.6278999999996,1455.1639166666664
884.8728999999998,1450.5270000000003
885.1179000000001,1446.058083333334
885.3628,1441.3337083333336
885.6078000000002,1436.5175833333333
885.8526999999998,1432.0345
886.0976000000005,1427.5734166666664
886.3424999999999,1422.5870416666664
886.5875000000001,1417.8164999999997
886.8323999999997,1412.7770833333332
887.0771999999998,1407.7156666666667
887.3221000000002,1403.1415
887.5669999999996,1398.2351250000002
887.8119000000003,1393.7056250000003
888.0567,1389.3475833333332
888.3015999999999,1384.7050416666664
888.5463999999996,1380.2890416666662
888.7911999999998,1375.8524999999997
889.036,1371.1569166666666
889.2809000000002,1366.3577500000004
889.5256999999997,1361.63275
889.7704000000002,1357.0157916666667
890.0152000000003,1352.1371666666666
890.2599999999998,1347.7871666666672
890.5047999999998,1343.5328749999999
890.7495000000004,1338.89
890.9942999999998,1334.2007499999997
891.239,1329.5743749999995
891.4837000000003,1325.1726666666666
891.7284,1320.8056666666664
891.9730999999996,1316.3323333333337
892.2177999999999,1311.4441666666664
892.4625000000001,1306.89925
892.7072000000004,1302.4396250000002
892.9519,1297.5917916666665
893.1964999999997,1292.9356249999998
893.4412000000001,1288.6164583333332
893.6857999999996,1284.488166666667
893.9304999999999,1280.3732499999996
894.1751000000003,1275.7849583333336
894.4196999999999,1271.119291666667
894.6643000000003,1266.5587083333337
894.9088999999999,1262.1516250000002
895.1535000000002,1257.4044999999996
895.3980999999999,1252.6200416666666
895.6425999999996,1248.2229583333333
895.8872,1243.6818333333335
896.1317000000004,1239.626
896.3763,1235.512
896.6208000000003,1231.0384166666668
896.8653000000003,1226.2290833333334
897.1097999999997,1221.6477916666665
897.3542999999995,1217.2142083333335
897.5987999999999,1212.6290000000004
897.8433000000003,1208.1325833333333
898.0878000000001,1203.4683750000002
898.3323000000004,1198.9135833333332
898.5767000000001,1194.312458333333
898.8211999999999,1189.6826250000004
899.0656000000004,1184.927041666667
899.31,1180.7069583333337
899.5544999999997,1176.2885
899.7989000000002,1171.525958333333
900.0433000000002,1166.5231666666668
900.2877000000004,1161.8254166666673
900.5319999999996,1157.406666666667
900.7763999999999,1153.2462916666666
901.0207999999998,1148.7908333333332
901.2651000000002,1144.2507500000002
901.5095,1139.9224583333335
901.7538,1135.6882916666666
901.9981000000004,1131.3879166666666
902.2425000000002,1127.3085416666665
902.4867999999998,1123.354125
902.7311000000004,1118.7776666666664
902.9753999999997,1114.120333333333
903.2196000000002,1109.843
903.4638999999999,1105.6430833333332
903.7082000000005,1101.007125
903.9523999999997,1096.7506666666663
904.1967000000003,1092.1964583333336
904.4409,1088.0649166666665
904.6850999999998,1084.037375
904.9292999999999,1080.3308333333337
905.1735999999996,1075.7037083333332
905.4176999999996,1071.3705
905.6618999999995,1067.394625
905.9061,1063.1794166666666
906.1503000000001,1058.9855
906.3944,1054.785625
906.6385999999998,1050.2661249999999
906.8826999999997,1045.9606666666668
907.1268999999996,1042.0847083333335
907.3709999999995,1037.555541666667
907.6150999999995,1033.3977083333332
907.8592,1029.3722083333334
908.1032999999999,1025.1794999999997
908.3473999999998,1021.0246666666663
908.5915,1016.5707916666669
908.8355,1012.0547916666666
909.0796000000005,1007.6163333333334
909.3235999999998,1003.3966416666667
909.5676999999997,999.1524000000001
909.8116999999997,994.4828875000003
910.0557000000005,990.3818458333336
910.2996999999997,986.2538958333334
910.5436999999996,981.8274333333338
910.7877000000004,977.7183708333336
911.0316999999997,973.6350333333336
911.2756999999996,969.2666375000003
911.5197000000004,965.1336749999996
911.7635999999997,961.0072999999999
912.0076000000005,956.8666041666667
912.2514999999997,952.3599875
912.4953999999999,947.9410541666667
912.7393000000001,943.8540625000004
912.9831999999998,940.0751666666665
913.2271,935.6860333333335
913.4710000000001,931.7828
913.7148999999994,927.4510666666665
913.9588000000002,923.3219708333331
914.2026000000002,918.7641333333332
914.4464999999997,914.1848999999999
914.6902999999996,909.8852791666668
914.9341999999998,905.5462375000002
915.178,901.3882333333337
915.4218,897.3139958333336
915.6656000000002,892.5605833333334
915.9094000000003,888.2775708333334
916.1532000000003,883.9148583333332
916.3970000000005,879.5211916666667
916.6408,875.2088041666667
916.8845,871.2024333333335
917.1283000000002,866.621570833333
917.3719999999997,862.2272541666666
917.6156999999997,858.3356291666665
917.8594999999999,854.2128958333329
918.1032000000001,849.8909583333334
918.3469000000003,845.1562166666669
918.5905999999997,840.8743416666667
918.8342999999999,836.2937374999997
919.0779000000001,832.1600833333338
919.3215999999996,827.75615
919.5652999999996,823.2015166666666
919.8089,818.4647125000001
920.0525000000004,814.3606875
920.2962000000003,810.108625
920.5397999999999,805.4531124999999
920.7834000000001,800.9499125000002
921.0270000000004,796.6441416666665
921.2706,792.4859000000001
921.5142000000002,788.4870250000002
921.7576999999995,783.9975166666665
922.0013,779.3754708333332
922.2449000000003,774.7463750000001
922.4883999999996,770.5878958333329
922.7318999999999,766.2083583333332
922.9755000000004,761.6434625
923.2190000000006,756.8934625
923.4625000000002,752.5052583333336
923.7059999999996,747.9861291666663
923.9494999999998,743.7165458333334
924.1929999999996,738.8495041666666
924.4363999999999,734.0940416666667
924.6798999999995,729.6409583333334
924.9232999999998,724.9328375
925.1667999999994,720.4094041666667
925.4101999999997,715.5967791666664
925.6536000000002,710.8542916666665
925.8970999999996,706.025283333333
926.1405000000001,701.4312541666665
926.3839000000004,696.559875
926.6272,691.7591291666668
926.8705999999996,686.8620333333333
927.1140000000001,682.2361291666667
927.3572999999998,677.2675666666665
927.6006999999994,672.2263416666667
927.8440000000006,667.0136875000002
928.0874000000002,661.7839416666665
928.3306999999999,656.4064416666665
928.5740000000002,651.3495333333332
928.8172999999998,646.1402541666665
929.0606000000004,640.9383000000004
929.3039,635.9226125000001
929.5470999999999,630.6942374999999
929.7904000000004,625.8693166666667
930.0337,620.3253916666664
930.2769000000004,614.5699208333333
930.5201000000003,609.1914916666667
930.7633999999999,603.5391791666666
931.0066000000003,597.9790708333334
931.2498000000002,592.3850374999998
931.4929999999998,586.6008750000001
931.7361999999997,580.511175
931.9794,574.4059624999999
932.2225,568.4695208333335
932.4657000000003,562.1846749999999
932.7088000000002,555.8943708333334
932.9520000000001,549.7659541666667
933.1951000000005,543.9886416666666
933.4382000000004,538.1220500000001
933.6814000000003,532.1525624999999
933.9245,525.9558625
934.1676000000003,519.8205958333335
934.4105999999996,514.0580666666665
934.6537,508.14780000000013
934.8967999999999,502.3226416666667
935.1398000000005,496.3290125000001
935.3829000000002,490.50639166666656
935.6258999999994,484.54759583333345
935.8689999999998,478.911225
936.112,472.71975000000026
936.3549999999997,466.81125416666663
936.5979999999996,461.20722083333317
936.8410000000002,455.6803291666668
937.084,450.6261500000002
937.3269,444.65666249999975
937.5698999999998,439.0132374999999
937.8129000000005,433.6056666666666
938.0557999999995,428.2497833333335
938.2986999999997,422.6216125000001
938.5417000000003,417.44080833333334
938.7845999999994,411.85065416666674
939.0275,407.18078333333324
939.2704000000002,402.52620416666656
939.5132999999997,398.0162083333334
939.7561999999999,393.27277083333325
939.9989999999999,388.5510208333332
940.2419000000006,384.1129458333333
940.4847000000005,379.7620791666666
940.7275999999996,375.59268750000007
940.9703999999996,371.2220375
941.2131999999996,366.92215416666676
941.4559999999996,363.2725583333333
941.6987999999996,359.2334083333333
941.9415999999995,355.4321583333333
942.1843999999995,351.79351666666656
942.4271999999995,348.0501
942.6699999999995,344.5569375
942.9127000000004,341.4551749999999
943.1555000000004,338.29872916666665
943.3981999999997,335.1582708333334
943.6408999999998,332.00595833333324
943.8836999999997,329.3126375
944.1264,326.61452083333336
944.3691,323.9906833333333
944.6117999999998,321.37978333333336
944.8544,319.5366666666666
945.0970999999994,317.5503333333333
945.3398000000003,315.76960416666674
945.5823999999997,313.8527000000001
945.8251000000004,312.27460416666673
946.0676999999997,310.90051250000005
946.3103,309.68672083333337
946.553,308.36911249999997
946.7956000000003,307.2668625
947.0381999999994,306.04486249999997
947.2806999999997,305.2024291666666
947.5233000000004,304.46015416666677
947.7658999999998,303.77096249999994
948.0083999999998,303.02732916666656
948.2510000000001,302.45835833333336
948.4935000000004,302.5803916666668
948.7360999999995,302.47498333333334
948.9785999999998,302.78417500000006
949.2210999999999,302.38230833333336
949.4635999999995,302.1150083333334
949.7060999999998,301.6141
949.9485999999998,301.1830833333334
950.1911,301.33470833333337
950.4334999999995,301.20516250000003
950.6759999999998,300.82425416666666
950.9183999999999,300.8436083333332
951.1609,300.8467833333333
951.4032999999996,301.0671833333335
951.6457000000006,300.9820333333334
951.8881,300.8852458333333
952.1304999999996,300.8165041666666
952.3728999999997,301.28826250000003
952.6153000000003,301.6742
952.8575999999997,301.67829166666667
953.0999999999998,302.01479583333327
953.3424000000001,302.15665416666667
953.5846999999998,302.2868916666667
953.8270000000001,302.22201250000006
954.0694000000002,302.13298749999996
954.3116999999996,301.85908749999993
954.554,301.9296708333333
954.7963000000003,301.98361666666665
955.0386,302.12230000000005
955.2808000000003,302.11522083333324
955.5230999999998,301.92216250000007
955.7654000000001,301.64367500000003
956.0076000000005,301.63846250000006
956.2498000000002,301.0828791666667
956.4920999999998,301.17463333333336
956.7343,300.9237333333333
956.9765000000003,300.79670000000004
957.2187000000002,300.61452499999996
957.4608999999997,300.2338458333335
957.7030999999998,299.6755666666667
957.9451999999995,299.3436083333334
958.1873999999999,299.11930416666667
958.4295999999998,298.95925416666665
958.6717,298.4770250000001
958.9137999999997,297.8513291666667
959.1559999999994,297.56307499999997
959.3980999999998,296.95378750000003
959.6402000000004,296.2293125
959.8823000000001,295.6393625
960.1244000000003,294.71815833333335
960.3664,294.43923749999993
960.6084999999997,293.6370958333334
960.8506000000003,292.7636791666667
961.0926,291.7475125
961.3346999999998,291.2324916666666
961.5767000000002,290.36065833333333
961.8186999999999,289.8684166666665
962.0607000000003,288.94469583333336
962.3027000000001,288.3135416666667
962.5446999999998,287.58379583333334
962.7867000000002,286.6380000000001
963.0287,285.5455541666666
963.2706,284.0266583333334
963.5126000000004,282.99546666666663
963.7544999999994,281.71220416666654
963.9965000000002,281.15644166666664
964.2383999999996,280.3108041666666
964.4802999999996,279.4410458333333
964.7222,278.47998333333334
964.9641000000001,277.1885458333333
965.2059999999996,276.37594166666673
965.4478999999995,275.5694708333333
965.6896999999999,274.37659999999994
965.9316,273.18398750000006
966.1733999999998,271.6728416666667
966.4153000000002,270.5847166666667
966.6571000000002,269.4358
966.8989,269.1484625
967.1408000000001,268.10702083333337
967.3826000000005,266.89937083333336
967.6242999999996,266.0762833333334
967.8660999999996,264.9925041666666
968.1078999999994,263.9670124999999
968.3496999999998,262.80875
968.5914000000002,261.69287916666667
968.8332000000006,260.5910916666667
969.0748999999997,259.605
969.3165999999995,258.4166875000001
969.5583000000003,257.1682625000001
969.8001000000003,255.83541666666665
970.0417000000003,254.3979916666667
970.2834000000001,253.00572083333327
970.5250999999998,251.7538958333333
970.7668000000002,250.5373625
971.0083999999998,249.31763333333336
971.2501000000002,248.06149999999994
971.4916999999999,246.86863749999995
971.7334000000001,245.87958749999999
971.9749999999998,244.75320000000002
972.2165999999999,243.7334
972.4582000000006,242.77414166666674
972.6997999999998,241.3565791666667
972.9413999999998,239.92532916666673
973.1830000000006,238.25434583333342
973.4245000000001,236.97429166666663
973.6660999999998,235.73955416666664
973.9075999999999,234.5976875
974.1492,233.0473625000001
974.3907,231.71496249999998
974.6322,230.4255708333333
974.8737,229.28439999999998
975.1152000000001,228.0781208333333
975.3567000000002,226.76732500000006
975.5982000000002,225.49751666666668
975.8395999999997,224.24227499999998
976.0810999999998,222.78030833333335
976.3225999999996,221.9437541666667
976.5639999999997,220.55353750000003
976.8054000000002,219.03416250000006
977.0468,217.35247499999994
977.2883,216.17920833333332
977.5296999999995,215.08197083333332
977.7711000000005,214.01389999999992
978.0123999999997,212.74455833333332
978.2537999999998,211.38846666666666
978.4952000000002,209.9590166666666
978.7364999999994,208.1789791666666
978.9779000000004,206.81376249999994
979.2191999999997,205.65596666666661
979.4605000000001,204.42510416666667
979.7019,203.42738333333332
979.9432000000003,202.02734583333333
980.1844999999997,200.58857500000002
980.4256999999999,199.77892916666664
980.6670000000003,198.84245833333333
980.9082999999995,197.80535416666666
981.1496000000003,197.04167500000003
981.3908000000001,195.68444583333337
981.6320000000002,193.86591666666672
981.8732999999996,192.26822916666666
982.1144999999998,190.9223791666666
982.3557,189.71154583333328
982.5969000000003,188.51687083333334
982.8381000000005,187.28326249999998
983.0793000000002,186.39415
983.3205000000004,185.06672916666662
983.5616000000006,183.90802916666667
983.8028000000003,182.41487500000002
984.0439000000002,181.29418750000002
984.2851000000006,180.00480000000002
984.5262000000001,178.68398333333334
984.7672999999996,177.71882500000004
985.0083999999998,176.80033333333336
985.2495000000005,176.08105833333332
985.4906000000001,174.98749999999998
985.7317000000002,173.9861541666667
985.9726999999997,172.71289583333336
986.2138000000001,171.75182916666665
986.4549000000003,170.68399583333334
986.6958999999998,169.40325416666667
986.9369000000003,168.21473749999998
987.1778999999998,167.02915833333336
987.4190000000004,166.053075
987.66,165.26048749999995
987.9010000000004,164.89188333333328
988.1418999999997,164.14389583333335
988.3829000000002,163.5703791666667
988.6238999999999,162.19195416666673
988.8647999999997,161.5262125
989.1058000000003,160.93829999999994
989.3467000000006,160.30465416666664
989.5875999999998,159.54737916666667
989.8284999999997,158.5435166666667
990.0695000000002,157.78782499999997
990.3103999999997,157.0228
990.5512000000004,156.4797666666666
990.7920999999998,155.91279166666666
991.0329999999998,155.19445416666665
991.2737999999999,154.48111250000008
991.5146999999998,154.27802499999999
991.7554999999996,154.0143875
991.9964,153.41145416666663
992.2371999999997,152.56832916666667
992.4779999999995,151.85431249999996
992.7187999999998,151.05557083333335
992.9595999999996,150.65462083333333
993.2004000000003,149.770275
993.4411,148.81286249999997
993.6818999999997,147.89800416666665
993.9226999999995,147.06672916666665
994.1634000000003,146.7853041666667
994.4040999999999,146.18057499999998
994.6448999999997,145.6429916666667
994.8856000000002,145.0330416666667
995.1263,143.96679583333335
995.3669999999996,143.17327500000002
995.6077000000004,142.6830708333333
995.8483000000002,141.81376666666668
996.089,141.1584916666667
996.3296999999997,140.3834375
996.5702999999997,139.49592083333337
996.8109000000003,139.02985
997.0515999999998,138.0334916666667
997.2922,137.14257083333328
997.5328000000005,136.25001625000002
997.7733999999995,135.14710875000003
998.0139999999996,134.17988
998.2546000000001,133.30716791666666
998.4951,132.82768
998.7357000000002,131.7286079166667
998.9762999999997,131.29419416666664
999.2167999999996,130.64346666666668
999.4573000000006,129.80671499999997
999.6978000000005,128.81422874999998
999.9383999999994,127.65824208333333
1000.179,126.45857416666665
1000.4190000000004,125.49546416666662
1000.66,124.78257291666665
1000.9000000000002,123.9690491666667
1001.1409999999997,122.98749916666667
1001.3810000000002,122.40801875
1001.6219999999997,121.57013500000001
1001.8620000000001,120.90301291666667
1002.1029999999995,120.18898499999999
1002.3430000000004,119.27481875
1002.5829999999997,118.32492416666666
1002.8240000000002,117.16759208333332
1003.0639999999997,116.21242833333332
1003.3050000000002,115.61636041666667
1003.5449999999995,114.7650425
1003.785,113.60247083333337
1004.0260000000004,112.59132333333334
1004.2659999999997,111.84700624999999
1004.5060000000002,110.95175541666669
1004.7469999999997,110.22474499999998
1004.9870000000001,109.12115125000003
1005.2269999999999,108.01663333333333
1005.4680000000004,106.85248083333333
1005.7079999999997,105.65530416666671
1005.9480000000002,104.67692583333327
1006.1879999999995,103.60543499999999
1006.429,102.71700125000002
1006.6690000000004,101.69195916666668
1006.9089999999998,101.04168750000002
1007.1490000000002,100.07993958333333
1007.3899999999998,99.69765333333334
1007.6300000000001,98.46859874999996
1007.8699999999999,97.6145504166667
1008.1100000000002,97.01207041666665
1008.3499999999998,96.70175416666667
1008.59,96.13435208333334
1008.8309999999996,95.06719458333338
1009.071,94.08153125
1009.3110000000003,93.13845291666667
1009.5509999999998,92.15393458333335
1009.7910000000002,91.30967166666666
1010.0309999999994,90.39437041666666
1010.2710000000003,89.50866958333334
1010.5109999999999,88.56490874999999
1010.7520000000003,88.1682775
1010.9919999999996,87.68125583333331
1011.232,87.32856708333337
1011.4720000000003,86.32014583333336
1011.7119999999996,85.54555541666667
1011.9520000000002,84.90279375000001
1012.1919999999994,84.17146500000001
1012.4320000000004,83.47725
1012.6719999999999,82.76413500000002
1012.9120000000001,82.51117375
1013.1520000000006,81.75935208333335
1013.3919999999999,81.12433541666668
1013.6320000000002,80.12683958333335
1013.8719999999997,79.59997333333335
1014.1120000000001,79.00730291666666
1014.3519999999999,78.61477208333334
1014.5910000000002,78.32287750000002
1014.8309999999996,77.96745750000001
1015.071,77.5271125
1015.3110000000003,76.72679291666667
1015.5509999999998,75.90347833333337
1015.7910000000002,75.27916125
1016.0309999999994,74.92601916666665
1016.2710000000003,74.54669208333334
1016.5109999999999,73.82242125
1016.75,73.31536291666664
1016.9900000000004,72.57674833333333
1017.2299999999997,71.85179375
1017.4700000000003,71.4779320833333
1017.7099999999995,70.98703791666667
1017.9490000000002,70.48453458333334
1018.1889999999997,70.06217624999998
1018.429,69.51891541666664
1018.6690000000004,69.09906083333333
1018.9079999999998,68.25662250000003
1019.1480000000001,67.54737541666667
1019.3879999999999,66.75434374999999
1019.6280000000003,66.49683041666667
1019.8669999999996,66.10680375
1020.107,65.64755875
1020.3470000000003,64.94901458333334
1020.5859999999997,64.10429666666666
1020.8260000000006,63.51709249999999
1021.0659999999998,62.64323250000003
1021.3050000000002,62.10543583333333
1021.5449999999995,61.749104166666655
1021.785,61.17533624999999
1022.0240000000002,60.586767083333314
1022.2639999999996,60.40234
1022.5040000000005,60.08904208333332
1022.7429999999998,59.73681125000002
1022.9830000000001,59.22474625
1023.2220000000003,58.478841666666675
1023.4619999999996,57.92920666666668
1023.7020000000002,57.21768458333333
1023.9409999999998,56.79646708333332
1024.1810000000003,56.729299166666664
1024.4199999999994,56.303524583333314
1024.66,55.91554625
1024.8990000000001,55.31285958333333
1025.1389999999994,54.814679583333344
1025.3780000000004,53.913951666666684
1025.6179999999997,53.318550416666675
1025.857,52.565591250000004
1026.0970000000004,51.871830416666675
1026.3359999999996,51.49455250000002
1026.5750000000005,51.13025374999999
1026.8149999999998,50.68649250000001
1027.054,50.360674999999986
1027.2940000000006,50.22565458333333
1027.5329999999997,49.4560725
1027.7730000000001,49.09587541666668
1028.0119999999997,48.95607458333333
1028.251,48.701747083333345
1028.4910000000007,48.29236708333334
1028.7299999999998,47.86477208333334
1028.9690000000007,47.37729375
1029.2089999999998,46.793050833333325
1029.448,46.489089166666666
1029.6869999999992,46.42601833333331
1029.927,46.16327125
1030.1660000000002,45.836767083333335
1030.4049999999997,45.400290000000005
1030.6450000000002,44.352248333333335
1030.8839999999993,43.66030708333333
1031.1229999999998,43.19013833333332
1031.3620000000008,42.809217083333344
1031.6019999999999,42.844736666666655
1031.8410000000001,42.368642499999986
1032.0800000000006,42.00889666666666
1032.3189999999997,41.33904208333335
1032.5580000000007,40.86067333333333
1032.7979999999998,40.428296249999995
1033.037,40.26641166666666
1033.2760000000005,39.678752083333336
1033.5149999999996,39.50411624999998
1033.7540000000006,39.19332375
1033.9929999999997,39.010490416666656
1034.233,38.51276791666668
1034.4720000000004,38.05398166666665
1034.7109999999996,37.89641833333334
1034.9500000000005,37.76686708333333
1035.1889999999996,37.50548166666666
1035.428,36.88366916666667
1035.6670000000001,36.45060833333333
1035.9059999999993,36.15393541666667
1036.1450000000002,35.98407875
1036.3839999999993,35.87251375
1036.6229999999998,35.41213083333333
1036.8620000000008,35.07788666666666
1037.1009999999999,34.694689999999994
1037.34,34.239999999999995
1037.5790000000004,33.67556375
1037.8179999999995,33.34109250000001
1038.0570000000005,32.91713958333334
1038.2959999999996,32.84814874999999
1038.535,32.6899075
1038.7740000000001,32.33972708333334
1039.0129999999992,31.967459583333337
1039.2520000000002,31.449699166666672
1039.4910000000007,31.321054583333336
1039.7299999999998,31.1077125
1039.9690000000007,31.266866250000007
1040.2079999999999,30.621146666666665
1040.447,30.329024583333332
1040.6850000000002,30.44059333333333
1040.9239999999993,30.34200291666666
1041.1630000000002,29.895966666666663
1041.4020000000007,29.405297500000003
1041.6409999999998,29.28918
1041.8800000000008,28.89960583333334
1042.1179999999997,28.734079583333322
1042.357,28.330619166666665
1042.5960000000002,28.02233291666666
1042.8349999999994,27.655527499999994
1043.0740000000003,27.160081666666656
1043.3119999999992,26.764362083333335
1043.5509999999997,26.52824916666667
1043.7900000000006,26.81763875000001
1044.0289999999998,26.770280833333334
1044.267,26.053295833333326
1044.5060000000003,25.88093583333334
1044.7449999999992,25.749106249999997
1044.983,25.804208333333325
1045.2220000000004,25.98271374999999
1045.4609999999996,26.046009166666668
1045.6990000000003,25.833122083333333
1045.9380000000008,25.493642499999996
1046.177,24.633669166666664
1046.4150000000006,24.32560874999999
1046.6539999999998,23.77984458333333
1046.893,23.779615833333335
1047.1310000000003,23.81422625
1047.3699999999992,23.892320416666653
1047.608,23.650062500000008
1047.8470000000004,23.66258666666667
1048.0859999999996,23.324015833333334
1048.3240000000003,23.436492916666662
1048.5630000000008,23.264817499999996
1048.8009999999997,23.171237083333327
1049.0400000000006,22.908260000000002
1049.2779999999996,22.489999166666667
1049.517,22.339271249999996
1049.7550000000008,22.495010000000004
1049.9939999999997,22.6088525
1050.232,22.677840416666672
1050.4710000000002,22.250927500000003
1050.7089999999998,21.4950075
1050.948,21.289862499999995
1051.1860000000004,21.43649333333333
1051.4239999999993,21.170782499999998
1051.6630000000002,20.92100875000001
1051.9010000000005,20.57151083333333
1052.1399999999996,20.341546666666666
1052.3780000000004,20.54965333333333
1052.6160000000007,20.383214999999996
1052.8549999999998,20.283713749999993
1053.0930000000005,20.024378749999993
1053.3319999999997,19.651430833333333
1053.57,19.799654166666674
1053.8080000000007,20.0093525
1054.0469999999998,19.908715
1054.285,19.91531791666667
1054.5230000000001,19.421466666666664
1054.7609999999997,19.566045416666665
1055.0,19.54578125
1055.2380000000003,19.29760333333333
1055.4759999999999,18.884581666666662
1055.715,18.883897499999996
1055.9530000000002,18.824015833333334
1056.1909999999998,18.440590833333324
1056.429,18.520281250000004
1056.6670000000001,18.46472708333333
1056.9059999999993,18.56650166666667
1057.144,18.320372500000005
1057.3820000000003,18.115228333333338
1057.6199999999992,18.262995
1057.858,18.24341416666667
1058.0970000000004,18.034625000000002
1058.3349999999994,17.236582916666666
1058.573,16.978387499999993
1058.8110000000004,17.221100833333335
1059.0489999999993,17.57538125
1059.287,17.35998833333333
1059.5250000000003,16.980208750000003
1059.7629999999992,16.545554583333335
1060.001,16.359079166666664
1060.2390000000003,16.31764166666667
1060.4779999999994,16.150289583333333
1060.7160000000001,16.281665833333335
1060.9540000000004,16.465180833333335
1061.1919999999993,16.83016458333333
1061.43,16.50707583333333
1061.6680000000003,15.995918750000001
1061.9059999999993,15.604526250000001
1062.144,15.27779625
1062.3820000000003,15.002065
1062.6199999999992,15.007758333333333
1062.858,14.420098750000001
1063.0960000000002,14.089269583333332
1063.3329999999999,13.921465
1063.571,13.749564583333326
1063.8090000000002,13.655526666666665
1064.0469999999998,13.400518749999998
1064.285,13.229979999999998
1064.5230000000001,13.048059166666663
1064.7609999999997,13.010946666666667
1064.999,13.112950833333334
1065.2370000000008,13.25548125
1065.4739999999995,13.358169166666672
1065.7119999999998,12.875928749999998
1065.9500000000005,12.570373333333336
1066.1880000000008,12.740455833333334
1066.4259999999997,12.986582916666668
1066.6640000000004,12.859308333333331
1066.9010000000005,12.489544999999994
1067.1389999999994,12.600200833333332
1067.3770000000002,12.55785125
1067.6150000000005,12.475655000000001
1067.8519999999999,12.331985000000001
1068.09,11.791683583333333
1068.3280000000002,11.394597333333332
1068.5659999999998,11.064224999999999
1068.803,10.722467208333333
1069.0410000000002,10.628204625
1069.2789999999998,10.587903208333334
1069.5159999999998,10.430800541666665
1069.7540000000006,10.18512766666667
1069.9919999999995,10.072876666666671
1070.2289999999996,9.928295541666666
1070.4670000000003,10.07538170833333
1070.7050000000006,10.235673208333333
1070.9419999999993,9.999108041666668
1071.18,9.644370875000002
1071.4180000000003,9.217458375000001
1071.6549999999997,9.298970958333332
1071.893,9.214725708333331
1072.1300000000008,9.042367083333334
1072.3679999999997,9.030071666666668
1072.6049999999998,8.886174541666664
1072.8430000000005,9.103615333333334
1073.0809999999994,9.013906125000004
1073.3179999999995,8.978387416666669
1073.5560000000003,8.608851541666665
1073.7930000000003,8.483851416666663
1074.0309999999993,8.583578916666665
1074.268,8.548514666666668
1074.5060000000003,8.727020624999998
1074.7429999999997,8.843596541666667
1074.981,8.67169316666667
1075.2180000000005,9.061721458333336
1075.4550000000006,8.962904083333333
1075.6929999999995,8.675792041666668
1075.93,8.671465374999999
1076.1680000000003,8.675336375
1076.4049999999997,8.827430875
1076.642,8.957212458333332
1076.8800000000008,9.073332666666667
1077.1169999999995,8.869325541666667
1077.3549999999998,9.216320250000003
1077.5920000000003,9.531666499999996
1077.8290000000004,9.503888708333333
1078.0669999999993,9.914179750000004
1078.304,10.070600166666669
1078.5410000000002,10.49660220833333
1078.7789999999998,10.652339583333335
1079.0159999999998,10.857714833333334
1079.2530000000004,10.896645958333332
1079.4900000000005,10.627749249999999
1079.7279999999994,10.71244941666667
1079.965,10.234762124999998
1080.2020000000002,10.180800624999998
1080.4389999999996,10.121602833333332
1080.677,10.01732279166667
1080.9140000000004,10.021191541666667
1081.1510000000005,10.193324458333333
1081.3879999999992,10.373878208333332
1081.625,10.458805916666668
1081.8630000000003,10.037357916666666
1082.0999999999997,9.952884416666667
1082.3369999999998,9.715865499999998
1082.5740000000003,10.086767541666665
1082.8110000000004,10.353616125000002
1083.0479999999998,10.352932499999996
1083.285,9.963816541666665
1083.5220000000006,9.912812874999997
1083.7599999999995,10.059898000000002
1083.9969999999996,10.181711541666667
1084.2340000000002,10.351110208333337
1084.4710000000002,10.491137583333337
1084.7079999999999,10.58904125
1084.945,10.59746695833333
1085.1820000000005,10.454252791666663
1085.4190000000006,10.625472916666668
1085.6559999999993,10.96905125
1085.893,11.29874125
1086.1300000000008,11.313540375000002
1086.3669999999995,11.621828749999999
1086.6039999999996,11.714498749999997
1086.8410000000001,11.817410416666663
1087.0780000000002,11.650518333333332
1087.3149999999998,11.704480833333335
1087.552,11.546239083333335
1087.7890000000004,11.391182583333334
1088.0260000000005,10.981576333333335
1088.2619999999997,10.889362541666669
1088.499,10.969735541666664
1088.7360000000006,11.142776958333334
1088.9729999999993,10.759807291666666
1089.2099999999994,10.735445208333337
1089.447,10.771648374999998
1089.6840000000002,10.357941
1089.9209999999996,10.240682833333333
1090.1569999999995,10.510720041666668
1090.394,10.378431791666667
1090.6310000000003,10.607939333333332
1090.8679999999997,10.455618500000002
1091.1049999999998,10.312176375000005
1091.3410000000001,10.348605458333331
1091.5780000000002,10.440135249999999
1091.8149999999998,10.139818499999999
1092.052,10.069689291666668
1092.2880000000002,10.141182749999999
1092.5250000000003,9.901429250000003
1092.7619999999997,9.577659333333335
1092.999,9.287813666666667
1093.2350000000004,9.130936999999998
1093.4720000000004,8.717913458333332
1093.7089999999998,8.464498291666663
1093.945,8.605435666666667
1094.1820000000005,8.347012583333331
1094.4190000000006,8.440136625
1094.6549999999997,8.262767875
1094.892,8.393916083333332
1095.1280000000004,8.409170000000001
1095.3650000000005,8.329480458333334
1095.6019999999999,8.244097083333331
1095.838,8.015273083333332
1096.0750000000005,7.760491500000003
1096.3110000000004,8.029389541666667
1096.5479999999998,7.843824666666669
1096.7839999999999,7.948788583333335
1097.0210000000004,8.056028791666666
1097.2580000000005,7.923514416666669
1097.4939999999997,7.885035375
1097.731,8.42829575
1097.9670000000003,8.397558041666668
1098.2040000000004,8.207667250000002
1098.4399999999998,8.063769874999998
1098.677,8.205847
1098.9130000000002,8.233624041666667
1099.1490000000001,8.210855125
1099.3859999999997,8.022786250000001
1099.6219999999996,8.167139583333334
1099.8590000000002,7.807166583333335
1100.0950000000003,7.398697166666665
1100.3319999999997,7.443323708333334
1100.5679999999995,7.392549125000001
1100.804,7.170327333333332
1101.0410000000002,6.9813473749999995
1101.2770000000007,6.888678583333333
1101.5129999999992,7.158487416666664
1101.75,7.329480166666667
1101.9860000000006,7.882531125000001
1102.2220000000004,8.034626083333333
1102.4589999999998,8.439224458333333
1102.695,8.786220458333332
1102.9310000000003,8.602248833333332
1103.1680000000003,8.586766083333334
1103.4039999999998,8.852021749999997
1103.6399999999996,8.735445458333329
1103.876,8.998651583333332
1104.1130000000003,9.419644625000002
1104.3489999999995,9.423514875
1104.5849999999994,9.482258
1104.821,9.428980249999997
1105.0570000000005,9.237267625000003
1105.2940000000006,9.178979583333332
1105.5299999999997,9.319689208333331
1105.7659999999998,9.303751416666666
1106.0020000000002,9.336994708333334
1106.2380000000003,9.530982666666668
1106.4739999999995,9.644826458333334
1106.7109999999996,9.572877375
1106.947,9.380481541666667
1107.1830000000007,9.318779416666667
1107.4190000000006,9.112267124999997
1107.6549999999997,8.827658583333333
1107.8909999999998,9.120692
1108.1270000000002,6.767094660833334
1108.3630000000003,7.933760458333335
1108.5989999999995,11.642094595833337
1108.8349999999994,28.822650416666672
1109.071,34.90598374999999
1109.3070000000005,21.79487333333333
1109.5430000000003,18.239316249999998
1109.7789999999998,20.197651250000003
1110.0149999999996,9.169872262499998
1110.251,6.114315625000001
1110.4870000000008,17.55876291666667
1110.7229999999993,5.878204750000003
1110.9589999999998,17.669871874999995
1111.195,31.044870833333334
1111.4310000000003,6.558761041666667
1111.6670000000001,21.97542833333333
1111.9029999999996,-6.830128475000001
1112.1389999999994,-2.3301282916666666
1112.375,5.253205291666666
1112.6110000000006,9.225427916666671
1112.8470000000004,16.739317999999997
1113.0819999999997,7.697649541666665
1113.3179999999995,12.04487304166667
1113.554,17.961539166666665
1113.7900000000006,6.558760974999999
1114.0260000000005,-2.6495730375000006
1114.2619999999997,-7.399573239583332
1114.4969999999996,-0.010683733333332945
1114.733,-2.5106833562500004
1114.9690000000007,10.655983833333334
