Wavelength(nm),Intensity
195.12919999999994,0.0
195.39600000000007,0.0
195.66289999999992,0.0
195.92979999999994,0.0
196.19660000000007,0.0
196.46349999999995,0.0
196.73030000000006,0.0
196.9971999999999,0.0
197.26400000000007,0.0
197.5308,0.0
197.79770000000005,0.0
198.06449999999998,0.0
198.33129999999994,0.0
198.59810000000004,0.0
198.8649,0.0
199.13160000000005,0.0
199.3984,0.0
199.66519999999994,0.0
199.9319999999999,0.0
200.19869999999995,0.0
200.4654999999999,0.0
200.73219999999995,0.0
200.99890000000002,0.0
201.26569999999995,0.0
201.53240000000002,0.0
201.79910000000007,0.0
202.06579999999994,0.0
202.3325,0.0
202.59920000000005,0.0
202.86589999999993,0.0
203.13259999999994,0.0
203.39919999999995,0.0
203.6659,0.0
203.93249999999995,0.0
204.1992,0.0
204.46579999999997,0.0
204.73250000000004,0.0
204.9991,0.0
205.26569999999995,0.0
205.53229999999994,0.0
205.79889999999992,0.0
206.06550000000007,0.0
206.33210000000005,0.0
206.5987,0.0
206.86529999999996,0.0
207.13189999999994,0.0
207.3984,0.0
207.665,0.0
207.93150000000006,0.0
208.19810000000004,0.0
208.46459999999988,0.0
208.7311,0.0
208.99769999999992,0.0
209.26420000000005,0.0
209.53069999999988,0.0
209.7972,0.0
210.06370000000007,0.0
210.3301999999999,0.0
210.59659999999994,0.0
210.8631,0.0
211.12960000000012,0.0
211.3960000000001,0.0
211.66249999999994,0.0
211.9288999999999,0.0
212.19540000000003,0.0
212.4618,0.0
212.7282,0.0
212.9946,0.0
213.261,0.0
213.52739999999997,0.0
213.79379999999995,0.0
214.06019999999992,0.0
214.32659999999996,0.0
214.59299999999993,0.0
214.85930000000005,0.0
215.12570000000002,0.0
215.3919999999999,0.0
215.65839999999992,0.0
215.9247,0.0
216.1909999999999,0.0
216.4574000000001,0.0
216.72369999999998,0.0
216.98999999999992,0.0
217.2563,0.0
217.5226000000001,0.0
217.78890000000004,0.0
218.0551,0.0
218.3213999999999,0.0
218.58769999999998,0.0
218.8539,0.0
219.12019999999995,0.0
219.38639999999998,0.0
219.65270000000007,0.0
219.9189000000001,0.0
220.18510000000003,0.0
220.45130000000006,0.0
220.7175000000001,0.0
220.9836999999999,0.0
221.24989999999988,0.0
221.5160999999999,0.0
221.78229999999994,0.0
222.04849999999993,0.0
222.31460000000004,0.0
222.58080000000007,0.0
222.84689999999998,0.0
223.1131,0.0
223.37919999999997,0.0
223.64530000000005,0.0
223.91150000000007,0.0
224.17760000000004,0.0
224.4436999999999,0.0
224.70980000000006,0.0
224.97589999999994,0.0
225.2420000000001,0.0
225.5079999999999,0.0
225.77410000000006,0.0
226.04019999999994,0.0
226.3062,0.0
226.5722999999999,0.0
226.83829999999992,0.0
227.10440000000008,0.0
227.37039999999988,0.0
227.63639999999998,0.0
227.9024,0.0
228.16839999999993,0.0
228.43440000000004,0.0
228.70040000000006,0.0
228.9663999999999,0.0
229.23239999999996,0.0
229.49840000000003,0.0
229.7642999999999,0.0
230.03029999999998,0.0
230.29619999999986,0.0
230.56219999999996,0.0
230.82810000000006,0.0
231.094,0.0
231.3599,0.0
231.6259,0.0
231.89179999999996,0.0
232.1577000000001,0.0
232.42360000000002,0.0
232.68940000000012,0.0
232.9553,0.0
233.2212,0.0
233.48709999999994,0.0
233.75290000000004,0.0
234.0187999999999,0.0
234.2846,0.0
234.55040000000002,0.0
234.81630000000004,0.0
235.0821,0.0
235.3479000000001,0.0
235.61369999999994,0.0
235.8795,0.0
236.14530000000005,0.0
236.41109999999992,0.0
236.67690000000002,0.0
236.94259999999997,0.0
237.20840000000007,0.0
237.4741,0.0
237.73989999999995,0.0
238.00560000000004,0.0
238.2714,0.0
238.53710000000004,0.0
238.80280000000002,0.0
239.06849999999997,0.0
239.33420000000015,0.0
239.59990000000008,0.0
239.86560000000003,0.0
240.1313,0.0
240.397,0.0
240.66260000000003,0.0
240.92829999999995,0.0
241.19400000000005,0.0
241.45960000000005,0.0
241.72519999999994,0.0
241.99089999999987,0.0
242.25650000000005,0.0
242.52210000000005,0.0
242.78769999999994,0.0
243.05329999999995,0.0
243.31890000000013,0.0
243.5845,0.0
243.85010000000003,0.0
244.1157,0.0
244.3811999999999,0.0
244.64680000000007,0.0
244.91240000000008,0.0
245.17790000000002,0.0
245.44340000000005,0.0
245.70899999999992,0.0
245.97449999999998,0.0
246.23999999999987,0.0
246.50550000000013,0.0
246.77100000000002,0.0
247.03650000000007,0.0
247.30200000000002,0.0
247.56750000000005,0.0
247.833,0.0
248.09839999999994,0.0
248.3639,0.0
248.6293999999999,0.0
248.89479999999998,0.0
249.16019999999997,0.0
249.42569999999986,0.0
249.6911,0.0
249.95650000000015,0.0
250.2219000000001,16.00371631578947
250.48729999999986,15.583241578947366
250.7527,14.631270526315785
251.01810000000015,14.703746315789475
251.28349999999992,15.240702631578948
251.54889999999986,15.297938421052633
251.8141999999999,15.158448421052634
252.07959999999997,15.722154210526316
252.3449,16.383357368421056
252.6103,16.126524736842104
252.87559999999996,15.613152631578947
253.14089999999996,15.01781210526316
253.40630000000002,15.05951473684211
253.67160000000004,16.406363157894734
253.93690000000004,16.46187
254.2022,17.323820526315792
254.46750000000003,16.803258421052632
254.73279999999986,17.145217894736838
254.99799999999996,17.525721578947362
255.2633,16.95223789473684
255.5286,16.59273263157895
255.7938,16.6574452631579
256.05910000000006,17.77248473684211
256.3243000000001,18.173978421052635
256.58960000000013,18.23811263157895
256.8548,18.822528421052635
257.11999999999995,18.91427473684211
257.3852,19.064404210526323
257.65040000000005,19.43483947368421
257.9156,19.388245263157895
258.18080000000003,19.497246842105266
258.44599999999997,19.553618421052636
258.7112,19.503286315789477
258.9763,19.140041578947365
259.24150000000003,18.823966315789466
259.50669999999997,19.02960368421053
259.77180000000004,18.883787894736837
260.0369,19.347981052631585
260.30209999999994,19.338778947368418
260.56720000000007,19.742285263157893
260.8323,20.02989105263158
261.0974,19.581226842105263
261.36250000000007,19.21136736842105
261.6275999999999,19.17973052631579
261.8927,19.168515789473688
262.1578,18.935270526315787
262.42289999999997,18.745448947368416
262.68800000000005,19.739121578947362
262.9529999999999,20.499834736842107
263.2181,19.951376315789474
263.48310000000004,19.459282105263156
263.7482,19.578351052631582
264.0132,20.356896842105268
264.2782,20.33820315789474
264.5432,19.748615263157895
264.80820000000006,20.359195789473695
265.07319999999993,19.993939473684218
265.33820000000003,19.622644736842112
265.60319999999996,19.229489999999995
265.86819999999994,19.445768947368425
266.1332000000001,19.75149052631579
266.3981,19.63932157894737
266.6630999999999,19.747752631578948
266.92810000000003,20.282981052631577
267.1930000000001,19.838345789473692
267.4579,19.11156947368421
267.72289999999987,19.561092105263157
267.98779999999994,19.69425368421053
268.2527,19.17282894736842
268.5176000000001,17.923761052631587
268.78250000000014,17.651976315789476
269.04740000000004,18.147232105263157
269.31229999999994,17.85042736842105
269.5772,17.61056368421053
269.842,16.80412
270.1068999999999,16.574614210526317
270.37179999999995,16.458996315789467
270.63659999999993,16.68677578947369
270.9014,16.374725789473686
271.1662999999999,15.960579473684211
271.4310999999999,16.0761952631579
271.6959,16.23696210526316
271.9607,16.058939999999996
272.22550000000007,15.452091578947366
272.49030000000005,15.03736842105263
272.7551,15.320657368421047
273.0199000000001,15.35229578947368
273.28470000000004,15.570874210526325
273.5495,15.411829473684213
273.8141999999999,15.131415263157889
274.079,15.73653157894737
274.3437,15.62666894736842
274.6085,15.496960526315787
274.8732,15.552466315789468
275.1379,15.519678947368424
275.4026,15.939868421052632
275.6674,15.44058947368421
275.9321,15.422469999999997
276.1968,14.688503684210525
276.4614000000001,14.74429947368421
276.7260999999999,14.952237368421052
276.9907999999999,14.632133157894737
277.2555000000001,14.675273684210525
277.5201,14.60193421052632
277.7848,14.834609473684212
278.04939999999993,15.175705789473682
278.31409999999994,15.369550526315786
278.5787,15.730493684210527
278.84330000000006,15.134576842105263
279.1079,14.45007894736842
279.37250000000006,13.895290526315788
279.6371,14.033052105263158
279.9017,13.358334736842105
280.1662999999999,12.618904210526317
280.4309,12.377604210526314
280.6954999999999,12.496957894736838
280.96,11.937855578947369
281.22459999999995,12.668659473684208
281.4890999999999,12.792903684210524
281.7537000000001,13.157877368421051
282.01820000000004,13.075333684210529
282.28269999999986,12.888101052631578
282.54730000000006,12.99365157894737
282.81180000000006,12.478839105263154
283.0763,12.039092
283.3408,11.630984999999997
283.60530000000006,11.96978168421053
283.8697000000001,11.560807578947369
284.1342000000001,11.024140842105263
284.3987,10.983011947368425
284.6632,11.708637052631575
284.9276,12.327273526315789
285.1921000000001,12.355747368421053
285.4565000000001,12.589568421052627
285.7209,12.629545789473685
285.9853,12.433684210526318
286.24979999999994,12.237253157894736
286.51419999999996,11.757240473684215
286.7786,12.050882631578949
287.043,11.82540642105263
287.3074,11.540961999999997
287.5717000000001,11.314042842105264
287.83610000000004,11.307139473684213
288.10050000000007,11.228049578947367
288.3648,11.059513578947369
288.6292,10.854449789473682
288.8935000000001,11.259398578947366
289.15790000000004,11.113870526315793
289.4222,11.188935526315792
289.6864999999999,11.77909842105263
289.95079999999996,12.05807631578947
290.2151,11.672974631578947
290.47940000000006,11.541250631578947
290.7437,12.203604947368422
291.0079999999999,12.171103157894734
291.2723,12.52830894736842
291.5366,12.592154210526317
291.8008,13.068431052631576
292.0650999999999,13.270902631578949
292.3293,13.627533684210528
292.59360000000004,13.54441105263158
292.8577999999999,13.025575263157894
293.12200000000007,12.62034210526316
293.38630000000006,12.191522631578946
293.65049999999997,12.461006842105263
293.91470000000004,12.578351052631577
294.17889999999994,12.244154210526315
294.44310000000013,12.219996842105262
294.70719999999994,12.561095789473685
294.9714000000001,12.390835263157891
295.2356,12.418443157894737
295.4997000000001,12.955399473684208
295.7639,12.9154247368421
296.02800000000013,13.616314736842105
296.2921999999999,13.765581578947371
296.5563000000001,13.511337894736842
296.8203999999999,12.86164210526316
297.0845,12.27234
297.34860000000003,11.449794210526314
297.61269999999996,11.316056842105263
297.8768,11.39486052631579
298.14090000000004,11.440875789473688
298.40499999999986,10.819363684210531
298.6691,11.045135263157896
298.9331000000001,11.472803684210522
299.1971999999999,11.729921578947367
299.46119999999996,12.005153157894737
299.7253,11.858766842105263
299.98930000000007,12.258245263157896
300.2533999999999,12.735956842105262
300.51739999999995,12.65140263157895
300.78139999999996,12.290744210526315
301.0454,12.248757368421051
301.30940000000004,12.019826315789473
301.5734000000001,12.178293684210525
301.83740000000006,12.525433684210531
302.10130000000004,12.87400789473684
302.3653000000001,13.233512631578947
302.6292999999999,13.081659473684212
302.89320000000004,13.050020526315786
303.15719999999993,13.659167368421052
303.42109999999997,13.931528947368424
303.6850000000001,14.361497368421052
303.94890000000004,14.55419
304.21290000000005,14.982148421052635
304.4768000000001,15.506160526315787
304.74070000000006,15.60337157894737
305.0046000000001,15.327276315789469
305.2685000000001,15.39485789473684
305.53229999999996,15.614014736842103
305.7961999999999,14.99393947368421
306.0600999999999,15.19842684210526
306.32390000000004,15.071594736842105
306.58780000000013,15.621781578947369
306.8516,15.25939684210526
307.11549999999994,15.366961052631583
307.3792999999999,15.426783684210534
307.6431000000001,15.00055421052632
307.9069,14.820514210526321
308.17069999999995,15.31893
308.43450000000007,15.803545263157892
308.6983,15.78715210526316
308.96209999999996,16.13169947368421
309.2259000000001,16.25853684210526
309.48959999999994,16.819651052631578
309.7533999999999,16.538949473684212
310.0171,16.406653157894734
310.28089999999986,15.976396315789477
310.54460000000006,16.198426315789472
310.80839999999995,16.173404210526314
311.07210000000003,16.697707368421057
311.33579999999995,17.023562631578944
311.59950000000003,17.22747421052632
311.8631999999999,16.926929473684208
312.1269000000001,17.10236631578947
312.39059999999995,16.90248157894737
312.65430000000003,17.137166842105263
312.9179000000001,17.326698421052637
313.18159999999995,17.692815789473688
313.44530000000003,17.878896315789472
313.7088999999999,18.027877894736843
313.97249999999997,18.003143157894733
314.23620000000005,17.966326842105264
314.4997999999999,18.00860631578948
314.76339999999993,17.718703684210524
315.027,17.921463157894735
315.29060000000004,18.17426684210526
315.55419999999987,18.986748421052628
315.8177999999999,19.335614210526323
316.0814,19.089710526315788
316.34500000000014,19.056924736842106
316.60859999999985,19.69885631578948
316.8720999999999,20.182895789473683
317.13569999999993,19.93526631578947
317.39919999999995,20.04369684210526
317.6626999999999,19.949362105263162
317.9263,19.913697368421055
318.18980000000005,19.885513684210526
318.45330000000007,19.75752947368422
318.71680000000003,20.503285263157892
318.98030000000006,20.149821052631573
319.2438000000001,19.606822105263156
319.5073000000001,20.011484210526316
319.7708000000001,20.836045789473676
320.0342,21.02068736842105
320.2977,21.40003631578947
320.56120000000004,21.49552052631579
320.8246,22.304550526315793
321.0881,22.65888157894737
321.3514999999999,23.263425789473683
321.61489999999986,23.160460526315788
321.8783000000001,23.31921947368421
322.14170000000007,23.51594315789474
322.4051,23.594170526315786
322.6684999999999,22.94562315789474
322.93189999999987,22.81764052631579
323.19530000000003,22.809010526315788
323.4587000000001,22.3163452631579
323.7221,22.090574736842107
323.98539999999986,22.679299473684207
324.2488000000001,22.475962105263157
324.5121,21.46302421052631
324.77540000000016,21.207344736842106
325.03880000000004,21.48142842105263
325.30209999999994,22.205614210526313
325.5654000000001,22.160464736842105
325.8287,22.994514210526315
326.0919999999999,22.905643157894744
326.35530000000006,23.489194736842112
326.6185999999999,23.056925263157893
326.88190000000003,23.30714105263158
327.14509999999996,23.30828947368421
327.40840000000003,23.29736315789474
327.67169999999993,23.76989578947368
327.9349000000001,24.649390526315788
328.1980999999999,24.334460526315787
328.4614000000001,25.02327789473685
328.72459999999984,25.549592105263162
328.98779999999994,26.15212157894737
329.2510000000001,26.374153157894728
329.5141999999999,27.489483684210523
329.7774,27.94993684210526
330.04060000000004,28.31778210526316
330.30379999999997,28.51795578947369
330.567,29.366098421052627
330.8301000000001,30.25450947368422
331.09330000000017,30.768168947368423
331.35639999999995,30.638750000000005
331.6196,30.342516842105255
331.88270000000006,30.603373684210535
332.1458000000001,31.092876842105266
332.4089000000001,31.82741578947369
332.6720999999999,32.2119447368421
332.93519999999995,32.42045526315789
333.1983,32.50098736842106
333.4614000000001,33.475390000000004
333.7244,34.08712210526316
333.98750000000007,34.270037894736845
334.2506000000001,34.51881736842106
334.5136000000001,35.44979368421052
334.77670000000006,35.1751289473684
335.03970000000004,35.27090105263158
335.3028000000001,36.115594736842105
335.5658000000001,36.274065263157894
335.8288000000001,36.42189210526316
336.09180000000003,36.393709473684204
336.3548,36.599059473684214
336.6178,36.515656315789485
336.88079999999997,36.57892578947368
337.14379999999994,36.51968263157895
337.40679999999986,36.221145263157894
337.66979999999995,36.69512105263158
337.93270000000007,37.532336315789486
338.1957000000001,37.47509947368422
338.4586,37.65054
338.72159999999997,38.9240547368421
338.9845000000002,39.42476842105263
339.2474000000001,39.95914157894737
339.5103,40.760406315789474
339.77329999999995,41.59417105263157
340.0362000000002,41.46589631578947
340.299,41.626667894736826
340.5618999999999,43.14694684210525
340.82480000000004,43.8550252631579
341.0877,44.116745789473676
341.3505999999999,44.75925526315789
341.6134000000001,45.13774157894738
341.87629999999996,45.21942368421053
342.1391000000001,46.08280894736841
342.4018999999999,46.601647368421055
342.6648000000002,47.73394263157894
342.9276,48.76414368421054
343.1904000000002,49.93641894736843
343.4532,50.89615368421053
343.7160000000001,51.32267157894737
343.9787999999999,51.706047894736855
344.24160000000006,52.56138000000001
344.50429999999983,53.271190000000004
344.7671,53.60279894736842
345.0298999999998,54.51249052631579
345.2925999999999,55.289023157894746
345.55540000000013,55.38249526315789
345.8181000000002,56.01780947368423
346.08079999999995,56.30368947368421
346.3436000000001,58.19468894736841
346.60630000000015,58.57403736842107
346.8689999999999,58.47941736842106
347.13169999999997,58.56397000000001
347.3944000000001,59.855891578947386
347.6570000000001,61.0488715789474
347.91970000000015,61.95827473684211
348.1823999999999,62.44317842105261
348.44509999999997,62.931241578947336
348.7077,63.43339842105264
348.9704000000001,63.99307736842106
349.2330000000001,65.25508526315788
349.49560000000014,66.08769842105262
349.7582000000001,67.1941110526316
350.0208999999998,67.91341421052634
350.28349999999983,69.08309631578949
350.54609999999985,69.80440894736842
350.8086999999998,71.24501578947367
351.07129999999984,72.50012315789476
351.3338000000001,73.07418105263156
351.59640000000013,74.04168368421054
351.85900000000015,74.27895473684211
352.12150000000014,75.42218210526318
352.3841000000001,75.76126789473683
352.6466,77.15211894736841
352.9090999999999,78.58295
353.17169999999993,79.73452052631578
353.4341999999999,82.11588263157893
353.6967000000002,83.48114210526315
353.9592000000001,84.19698789473685
354.2217,85.36581
354.48419999999993,86.94332368421051
354.7466999999999,87.50875
355.0091000000001,89.23524052631579
355.2716,90.83719473684211
355.5340999999999,92.71208736842105
355.79650000000015,93.83546842105262
356.05900000000014,96.05663684210526
356.32139999999987,98.42505736842105
356.5838000000001,99.20417947368422
356.8462,100.83546894736841
357.10859999999985,102.4288052631579
357.37110000000007,103.7494894736842
357.63349999999997,105.7770842105263
357.8958000000001,107.14493684210524
358.1581999999999,108.36437894736845
358.42060000000015,109.34135263157896
358.683,110.86884736842103
358.9453000000001,111.53176315789477
359.2077,112.22316315789476
359.47000000000014,113.77307894736843
359.7323999999999,115.59531578947369
359.99470000000014,116.97093157894737
360.25699999999983,119.01378421052634
360.5193,120.15786842105258
360.78160000000014,122.15383684210529
361.0438999999999,124.60798947368417
361.3062,126.56193684210527
361.5685000000001,127.7863052631579
361.83079999999995,129.44114210526314
362.0929999999999,131.73050000000003
362.3553000000001,132.63645263157895
362.6175999999998,134.61832631578946
362.87979999999993,137.2875894736842
363.1419999999999,139.12652105263157
363.4043000000001,140.7819842105263
363.66650000000004,142.96286842105258
363.92870000000016,144.7742105263158
364.19089999999983,146.62550526315783
364.45309999999995,148.63904736842105
364.7152999999999,150.2700210526316
364.9775,152.08397368421055
365.2397,154.7745157894737
365.5018,156.07303684210527
365.76400000000007,157.73194210526322
366.02620000000013,159.9812842105263
366.2883000000001,161.81188947368423
366.55050000000006,163.69625789473687
366.8126000000001,165.01462105263158
367.07470000000006,166.83720000000002
367.3368,168.5605263157895
367.5989,170.3151947368421
367.86099999999993,172.90562631578948
368.1230999999999,175.14779473684214
368.38519999999994,178.22775789473687
368.64729999999986,180.5104842105263
368.9094000000002,182.4083789473685
369.1714000000001,184.31606315789472
369.43350000000004,185.5355263157895
369.69549999999987,187.4929368421052
369.95759999999996,190.12453684210527
370.2196000000001,192.26660526315789
370.4816,194.82222105263162
370.7437,197.11157894736843
371.00569999999993,199.37528947368423
371.2677000000001,201.49811578947373
371.5297,202.93989473684212
371.7916999999999,205.4230421052631
372.05360000000013,207.2726210526316
372.31559999999996,209.2835526315789
372.57759999999985,212.476847368421
372.8395,215.47136842105263
373.1014999999999,217.72243157894738
373.3634000000001,220.24101578947375
373.62539999999996,222.15126842105258
373.8873000000001,224.51391052631578
374.1491999999999,227.43828947368422
374.4111000000001,230.61170526315786
374.6729999999999,233.39170526315795
374.93490000000014,236.75465789473688
375.1967999999999,239.52428421052636
375.4587000000001,241.79463157894736
375.7205999999999,243.99306842105264
375.9823999999999,246.50386842105266
376.2443000000001,248.63014210526316
376.50609999999983,251.749752631579
376.768,254.4753894736842
377.02980000000014,256.2550789473685
377.2916000000002,258.74515263157895
377.5535,261.56684736842107
377.8153000000001,264.2173947368421
378.07710000000014,266.7462947368422
378.3388999999999,269.83602631578947
378.6007,272.4641736842105
378.8624,274.5959
379.1242000000001,277.86366842105275
379.3860000000002,281.0497263157894
379.6476999999998,283.75954210526305
379.90949999999987,286.7356894736842
380.1711999999999,290.2801263157895
380.433,293.80696842105255
380.6947,297.5682789473686
380.9564,301.45209473684207
381.2181,303.88175789473695
381.4798,307.0980526315789
381.74150000000003,310.9905052631578
382.00320000000005,314.7279157894737
382.26490000000007,317.44605263157894
382.5266000000001,320.36751052631575
382.7883000000001,324.0471421052632
383.0499,327.3873789473685
383.3116,330.6882315789473
383.5731999999999,334.4662
383.83479999999986,337.98675789473685
384.0964999999999,341.28501052631583
384.35810000000015,344.5909894736841
384.61970000000014,348.0949
384.8813,351.7782210526316
385.1428999999999,355.2694789473684
385.40449999999987,358.666047368421
385.66610000000014,362.14377894736833
385.92770000000013,365.9740842105264
386.1891999999999,369.5150947368421
386.45079999999984,372.53147368421054
386.7124000000001,376.0762052631579
386.9739,379.3612157894737
387.23539999999986,383.7704789473685
387.4970000000001,388.51795263157896
387.75849999999997,392.77563157894735
388.02000000000015,396.5174000000002
388.2815,400.614
388.5429999999999,403.8446631578947
388.80450000000013,406.90536315789467
389.06599999999986,410.7598473684211
389.3275000000001,414.01407894736843
389.5888999999999,418.6364473684211
389.8504000000001,422.4216210526315
390.1117999999999,426.21279473684217
390.3733000000001,430.5464000000002
390.63469999999984,433.8495578947368
390.8962000000001,437.2214263157895
391.1576000000002,441.4828421052632
391.4189999999999,445.76299473684213
391.68040000000013,449.8185105263157
391.94179999999983,453.84066842105256
392.2032,457.7773894736841
392.46460000000013,461.105510526316
392.7259999999999,464.9067842105262
392.9872999999999,468.5274578947369
393.24870000000004,472.27954210526303
393.5100000000001,476.4020315789474
393.77139999999986,480.71526315789464
394.03269999999986,484.8590368421053
394.2941,488.4518052631579
394.55540000000013,492.96347368421067
394.81670000000014,497.5191052631579
395.0779999999998,502.20964736842103
395.33929999999987,506.2806999999998
395.6005999999999,510.4279263157896
395.86189999999993,514.5567789473683
396.1232,518.2755052631577
396.38439999999997,522.0247263157894
396.6457,526.0880105263155
396.9069,530.2315263157896
397.1682,534.6847526315787
397.4294,539.3384842105264
397.69070000000005,543.4115631578946
397.9519,547.2783631578947
398.2131,552.3201000000001
398.4742999999999,557.2430052631578
398.7354999999999,561.6154473684212
398.99669999999986,566.3839210526316
399.25789999999984,570.8892684210526
399.5190999999998,575.203589473684
399.7802000000001,579.2395210526316
400.0414,583.8458052631579
400.3024999999999,588.4198842105263
400.56369999999987,592.5657105263158
400.8248000000001,597.2570947368422
401.0860000000001,602.7736315789475
401.3471,608.1346052631577
401.6081999999999,612.6545473684212
401.8693000000001,616.9410157894739
402.1304,622.3695578947368
402.3914999999999,628.0169315789474
402.6526000000001,633.5815263157895
402.9137,638.6019368421054
403.1746999999998,643.0871210526315
403.4358000000001,647.9053684210527
403.6967999999999,652.9853105263159
403.9579000000001,658.1705263157895
404.2188999999999,663.0396736842107
404.47999999999985,668.4558421052633
404.741,673.8484105263158
405.0020000000002,679.7779368421051
405.263,685.0040052631579
405.5240000000001,690.0209684210524
405.7849999999999,695.741405263158
406.0460000000001,701.3778947368419
406.3069999999999,706.2154105263158
406.5679,711.6580052631577
406.82890000000015,716.7448947368422
407.0897999999999,721.6709526315789
407.3508000000001,726.4535105263158
407.61170000000016,731.6016736842106
407.87269999999995,736.9715052631578
408.13360000000006,742.8791842105262
408.3945000000001,748.606242105263
408.6553999999999,754.2907473684212
408.9162999999999,760.332447368421
409.1772,766.4428736842104
409.43810000000013,772.3658210526315
409.6989999999998,778.5803526315789
409.9597999999998,784.8130210526316
410.2206999999999,790.7891631578947
410.4814999999999,796.7785157894738
410.74240000000003,802.0595000000001
411.00320000000005,806.9450473684211
411.26400000000007,812.2381210526314
411.5249000000002,817.8372105263161
411.7857000000002,824.2723157894737
412.0465000000002,830.1869105263157
412.3073000000002,835.8392052631577
412.56810000000024,842.308015789474
412.82890000000015,847.9720631578945
413.0896000000002,854.0612473684213
413.3504000000001,859.4451947368422
413.6112000000001,865.035642105263
413.87190000000004,871.2458684210525
414.13270000000006,877.1216315789476
414.3934,882.829442105263
414.6540999999999,889.2686105263159
414.9148999999998,894.9599894736843
415.17559999999975,901.2245894736843
415.43630000000013,907.2168263157895
415.69700000000006,913.451805263158
415.9577,920.0834052631578
416.2183999999998,926.2424210526316
416.4790000000001,932.8032736842106
416.7397,938.2274789473685
417.00039999999996,943.3462631578948
417.26100000000025,949.0100315789473
417.5217000000002,955.6223684210527
417.7822999999999,961.9257736842108
418.0429000000002,968.0767947368419
418.3035,973.9318315789474
418.56419999999986,979.746305263158
418.82480000000015,985.6781421052631
419.0854,991.6080052631578
419.3459000000001,997.6532105263158
419.6064999999999,1004.3831263157896
419.8671000000002,1010.1333157894735
420.1277,1015.6402631578952
420.38820000000015,1021.5664736842103
420.6488,1027.6011052631577
420.9093000000001,1032.78952631579
421.1698999999999,1039.250894736842
421.43040000000013,1045.3116842105262
421.6908999999998,1051.4442631578947
421.9514,1057.0448947368425
422.2119000000002,1063.1962105263162
422.4723999999998,1069.933105263158
422.7329,1076.0934736842107
422.9934000000001,1082.3246842105268
423.2538999999999,1089.459105263158
423.5142999999999,1097.0559473684211
423.7748000000001,1103.3117368421051
424.0352000000001,1110.0689473684208
424.29569999999984,1117.0093157894732
424.55609999999984,1124.3784736842106
424.81660000000005,1131.1288421052634
425.07700000000017,1137.9061052631578
425.3374000000002,1145.045842105263
425.59779999999984,1151.9914210526315
425.85819999999984,1159.2773684210529
426.11859999999984,1166.2790000000002
426.37899999999996,1173.4195263157894
426.6392999999999,1181.289842105263
426.8997,1188.6994210526316
427.1599999999999,1196.627842105263
427.4204,1203.9891578947365
427.68069999999994,1210.5321052631575
427.9411,1217.6517368421053
428.2014,1224.897368421053
428.4616999999999,1231.2514210526317
428.7219999999998,1239.3816842105268
428.98229999999984,1247.2052631578947
429.24259999999975,1255.2497894736841
429.50290000000024,1262.810157894737
429.76320000000015,1270.432789473684
430.0235000000002,1278.0708947368419
430.2837,1286.0767894736837
430.5439999999999,1293.8131052631575
430.80419999999975,1302.0993157894738
431.06450000000024,1310.3418421052631
431.32470000000006,1318.6506842105264
431.58489999999995,1325.8700526315788
431.8451000000002,1333.5303684210528
432.1054000000002,1341.4118421052633
432.36560000000003,1348.7702105263156
432.6257999999999,1356.992526315789
432.88590000000016,1364.1922105263154
433.14610000000005,1371.973789473684
433.4062999999999,1379.6874210526312
433.66650000000004,1387.3441578947366
433.92659999999984,1394.7923684210527
434.1868000000002,1401.5513157894738
434.44689999999997,1408.8082631578945
434.70700000000016,1416.2903157894737
434.96709999999996,1423.7523684210526
435.2273000000002,1431.7506842105265
435.4874,1438.7277368421055
435.7475000000002,1446.8555263157896
436.00759999999997,1454.083105263158
436.26770000000016,1462.026052631579
436.52769999999987,1469.8108947368423
436.78779999999995,1478.3895789473686
437.04789999999986,1485.671052631579
437.3078999999999,1493.608947368421
437.56800000000015,1501.9485789473686
437.8279999999998,1510.6001578947369
438.0879999999999,1518.7888947368417
438.34800000000007,1526.8835789473687
438.60810000000015,1535.4884736842102
438.86809999999986,1544.393473684211
439.1281,1551.3610000000006
439.3881,1558.042105263158
439.6480000000001,1566.1523157894742
439.90800000000013,1573.7169473684214
440.16799999999984,1581.0128947368423
440.4278999999999,1588.1025263157892
440.68789999999996,1595.8464210526317
440.94780000000003,1603.3806315789473
441.2078,1610.3575263157898
441.4677000000001,1617.0144736842103
441.72760000000005,1622.6737894736843
441.9875000000001,1630.710157894737
442.2474000000001,1637.3572631578952
442.50730000000016,1644.5215789473689
442.7672000000001,1652.4414210526313
443.0271000000002,1659.7316842105258
443.2870000000001,1666.6316842105266
443.54690000000005,1673.452315789474
443.80670000000003,1680.6879473684214
444.0666,1687.9285789473684
444.32640000000004,1694.8624210526316
444.5861999999999,1700.467263157895
444.8460999999998,1706.8222631578944
445.1059000000002,1714.008473684211
445.3657000000001,1721.3610526315795
445.6255,1727.6808421052629
445.88530000000003,1734.6294736842106
446.1450999999999,1741.1809473684207
446.4048999999998,1748.2018421052628
446.66459999999995,1754.4377368421053
446.9244,1761.463052631579
447.18419999999986,1767.4841578947373
447.4439000000001,1775.128947368421
447.7035999999999,1782.7293157894742
447.96339999999987,1789.376105263158
448.2231000000001,1796.694105263158
448.4827999999999,1803.7818421052636
448.7425000000001,1812.2654736842105
449.00219999999996,1819.7749473684212
449.2619000000002,1826.4515263157894
449.5215999999999,1832.8636315789477
449.7812999999999,1839.712947368421
450.0410000000001,1847.821947368421
450.3005999999998,1855.8089473684213
450.56030000000004,1864.4224736842102
450.81990000000025,1872.5992105263156
451.07959999999997,1879.3373157894741
451.3392000000002,1886.9579999999994
451.59879999999987,1894.400105263158
451.8584,1903.4239473684206
452.1180000000002,1911.3743157894742
452.3775999999999,1919.296210526316
452.63720000000006,1926.029842105263
452.89680000000016,1934.1527368421057
453.15639999999996,1941.9872631578953
453.4160000000001,1949.593157894737
453.67550000000006,1957.5145263157895
453.9350999999999,1966.672157894737
454.19459999999987,1974.045473684211
454.4541,1981.8510526315788
454.71370000000013,1989.2724210526314
454.9732000000002,1998.4799473684218
455.2327000000003,2007.0175789473685
455.4921999999999,2015.232210526316
455.75169999999997,2023.5312631578954
456.0112000000001,2033.3442631578941
456.27069999999986,2042.1995263157894
456.5302,2050.605105263158
456.78959999999995,2060.7987894736843
457.04910000000007,2070.9094210526323
457.3084999999999,2080.015421052632
457.56800000000004,2090.783789473684
457.8274,2099.748105263159
458.08679999999987,2109.624157894736
458.3463,2119.645210526316
458.60569999999996,2128.373052631579
458.86510000000004,2138.9092105263153
459.1245,2148.7958947368425
459.3837999999998,2160.193315789474
459.64320000000026,2171.2787894736844
459.9026000000001,2182.587631578948
460.1620000000001,2193.993421052632
460.4213,2206.266684210526
460.68070000000006,2217.365894736843
460.9399999999998,2229.183
461.1993000000001,2240.8024736842112
461.45869999999996,2253.0121578947364
461.718,2266.0377894736835
461.9773000000003,2278.8257894736844
462.23660000000007,2290.928210526316
462.4959,2305.0116842105263
462.7551999999998,2317.2857894736844
463.0144,2330.590894736842
463.2736999999999,2344.423789473685
463.53300000000013,2356.612105263158
463.7922,2370.841789473685
464.05149999999975,2385.1871578947366
464.3107,2398.8749473684206
464.56990000000025,2412.3846842105254
464.8292,2426.576
465.08839999999987,2441.8625263157896
465.3475999999999,2458.03094736842
465.60679999999974,2474.0938947368427
465.866,2489.987947368421
466.12510000000003,2506.073684210526
466.3842999999999,2520.9389999999994
466.6435,2537.025157894736
466.9026000000001,2555.280368421053
467.16179999999997,2571.9837368421054
467.4208999999999,2589.481421052632
467.68009999999975,2606.91252631579
467.93919999999997,2623.915368421052
468.1983,2641.9363157894736
468.45740000000006,2661.225157894736
468.7165000000003,2680.5750000000003
468.9755999999999,2698.902894736842
469.2346999999999,2718.068315789473
469.4938000000001,2737.007263157896
469.7529000000002,2754.7544736842096
470.0119000000002,2775.499631578947
470.27099999999996,2795.759894736842
470.5299999999999,2817.468421052632
470.7891000000001,2837.6727368421057
471.0481,2859.4371052631577
471.3071,2882.1219473684214
471.5661,2904.521315789474
471.82520000000005,2926.2593157894744
472.08420000000007,2949.5784736842106
472.34309999999994,2972.8751578947367
472.60209999999995,2995.2761052631577
472.86109999999996,3018.132368421053
473.1201,3043.819684210526
473.3790000000001,3069.031631578947
473.6380000000001,3093.3818421052633
473.8968999999999,3118.7120000000004
474.15589999999986,3143.3213684210523
474.4148000000003,3168.471105263158
474.67370000000005,3194.2757894736847
474.9326,3220.910263157894
475.1915000000001,3245.707947368422
475.4503999999999,3271.2254210526326
475.70930000000027,3298.3251578947365
475.9682000000001,3325.189368421052
476.22709999999995,3352.0001052631574
476.48589999999984,3379.4399473684202
476.7448000000002,3406.896789473684
477.00370000000004,3434.1614210526322
477.2625,3461.8880000000004
477.52130000000017,3487.891631578948
477.7802,3515.415999999999
478.03899999999993,3542.566315789473
478.2978000000001,3569.2469999999994
478.5566,3597.804894736843
478.8154000000002,3627.3781052631575
479.0742000000001,3654.7930000000006
479.3329000000001,3682.879368421054
479.5917000000001,3711.4137368421057
479.8505000000003,3738.7644736842103
480.10920000000004,3767.2473157894724
480.3680000000002,3795.712157894737
480.62669999999997,3823.962052631579
480.88539999999995,3852.173263157894
481.14419999999996,3879.6121578947386
481.4028999999999,3907.6756842105265
481.66160000000013,3936.6355789473687
481.9202999999999,3964.533842105263
482.179,3993.563789473684
482.43770000000023,4022.0474736842116
482.6962999999998,4048.6346842105268
482.95500000000004,4075.8402105263153
483.21370000000013,4103.884421052631
483.4723,4130.845789473683
483.7309999999999,4158.720210526314
483.98960000000005,4185.847631578948
484.2482,4212.770473684211
484.50679999999994,4239.114052631579
484.7654999999997,4266.426631578946
485.0241,4293.199684210526
485.28269999999986,4318.456473684211
485.54119999999983,4345.105
485.79979999999995,4370.563473684211
486.0584,4396.237736842105
486.31699999999984,4420.111315789474
486.5755000000001,4446.27205263158
486.8340999999999,4470.376315789474
487.09260000000006,4493.703210526315
487.3511,4517.013736842106
487.60970000000015,4541.263578947369
487.86820000000006,4564.301631578948
488.12669999999997,4588.310473684209
488.38519999999994,4611.8582631578965
488.64369999999997,4635.169263157894
488.9022000000003,4655.748526315791
489.1606,4676.827684210525
489.4190999999999,4698.7339999999995
489.6775999999998,4720.162578947367
489.93599999999986,4742.347894736842
490.1944999999998,4763.482684210527
490.4529000000001,4783.0891052631605
490.7113000000001,4802.495842105263
490.9696999999998,4823.798315789472
491.22819999999973,4844.326157894737
491.48660000000007,4862.812736842106
491.74500000000006,4881.359368421053
492.0033999999998,4899.742315789475
492.26169999999985,4917.462105263159
492.5200999999999,4934.686157894737
492.7785000000002,4952.160473684211
493.03679999999997,4969.892842105262
493.2952000000003,4988.150894736845
493.5535,5005.693105263156
493.81180000000006,5023.420315789473
494.0702,5040.632631578946
494.3284999999998,5057.449263157895
494.58679999999987,5072.533052631579
494.8451000000003,5088.716210526318
495.1034000000001,5105.170157894737
495.36170000000004,5119.996263157896
495.62000000000006,5135.299789473683
495.87819999999994,5151.050736842105
496.13649999999996,5167.185210526317
496.3947,5181.436526315789
496.65300000000013,5194.617631578948
496.9112000000003,5208.743789473683
497.16939999999994,5222.082631578947
497.4277000000001,5234.30057894737
497.68590000000023,5247.6088947368435
497.94409999999993,5260.629473684211
498.2023000000001,5272.921947368422
498.46049999999997,5285.762105263157
498.7187,5298.744631578945
498.9768000000002,5309.754368421051
499.235,5321.500789473683
499.49309999999986,5332.8623157894735
499.7513,5343.945631578948
500.0094000000001,5355.689368421054
500.26759999999996,5366.834052631581
500.52570000000003,5377.059473684211
500.7838,5387.184000000001
501.04190000000006,5398.482526315793
501.3,5409.069368421053
501.5581000000001,5419.921789473687
501.81620000000004,5430.894368421052
502.0743000000001,5441.675894736842
502.3322999999999,5452.322105263159
502.5903999999999,5462.380315789475
502.84849999999994,5472.757684210525
503.1065,5482.823526315789
503.36449999999985,5492.194789473684
503.6225999999999,5501.443736842105
503.88060000000024,5509.830157894738
504.1386000000001,5518.2035263157895
504.3965999999999,5526.915315789473
504.65459999999996,5535.521789473683
504.9125999999998,5544.027421052633
505.17060000000004,5554.4495263157905
505.4285,5563.189105263158
505.6864999999999,5570.538789473685
505.9444999999998,5579.220368421051
506.2024,5587.520473684211
506.46040000000005,5596.075473684211
506.7183000000003,5602.677842105262
506.9761999999999,5610.913315789475
507.23409999999984,5618.2986842105265
507.4920000000001,5626.6337368421055
507.74989999999997,5634.258947368423
508.0078,5643.149421052631
508.26570000000004,5649.700157894737
508.5236000000003,5657.214684210527
508.7814999999999,5664.93557894737
509.0393000000002,5672.137947368419
509.29720000000015,5679.026157894737
509.5550000000001,5685.884368421053
509.81290000000007,5692.9033684210535
510.0707000000001,5699.040842105263
510.3284999999998,5706.341736842104
510.5863000000001,5712.7829999999985
510.84410000000014,5719.162526315788
511.10189999999983,5726.349157894739
511.35970000000015,5732.220315789475
511.6175000000001,5738.530894736842
511.87529999999987,5743.876315789475
512.1329999999999,5750.796157894736
512.3907999999999,5758.462578947368
512.6485,5765.934105263157
512.9063,5773.25210526316
513.164,5781.304000000001
513.4217000000001,5788.273631578949
513.6794000000001,5795.026315789473
513.9370999999999,5801.210684210525
514.1948,5809.391263157895
514.4525,5815.777157894736
514.7101999999998,5822.962000000001
514.9678999999999,5830.80242105263
515.2255999999999,5837.878157894738
515.4832,5845.241684210525
515.7409,5851.944578947368
515.9984999999999,5858.904105263158
516.2561999999999,5866.105894736844
516.5138,5872.743210526315
516.7713999999999,5879.985263157896
517.0290000000002,5886.950842105262
517.2866,5892.710894736842
517.5442000000002,5898.441578947368
517.8018,5904.481315789474
518.0594,5909.176947368422
518.3169999999999,5915.219999999998
518.5745,5921.078999999999
518.8320999999999,5926.263684210527
519.0896,5931.329684210527
519.3472,5936.659157894735
519.6047,5941.666263157894
519.8621999999998,5946.855947368423
520.1197,5951.696368421051
520.3772000000001,5957.056736842104
520.6347,5963.48542105263
520.8922000000001,5965.73410526316
521.1497,5970.135842105265
521.4071999999999,5975.055578947368
521.6646,5980.296684210527
521.9220999999999,5985.751105263159
522.1795000000001,5991.097315789474
522.437,5996.091684210525
522.6944000000001,5999.224
522.9519,6004.139526315789
523.2093000000002,6008.268999999998
523.4667000000001,6012.758526315791
523.7241,6015.982894736842
523.9815,6020.868263157896
524.2389000000001,6023.9974736842105
524.4961999999998,6025.645894736843
524.7536,6029.185789473682
525.0110000000002,6032.4427894736855
525.2682999999998,6035.44994736842
525.5257,6038.1922631578955
525.783,6042.330684210526
526.0403,6045.3640000000005
526.2976999999998,6048.576157894739
526.5550000000001,6052.4438947368435
526.8122999999998,6054.85952631579
527.0696,6058.973894736841
527.3269,6062.133315789473
527.5841,6064.8207368421035
527.8414,6067.645684210528
528.0987000000002,6068.959473684212
528.3559000000002,6070.301315789472
528.6131999999999,6071.829894736842
528.8703999999999,6073.011842105263
529.1275999999999,6074.799947368422
529.3849000000001,6076.106999999998
529.6421000000001,6077.9738947368405
529.8993000000002,6078.186105263159
530.1565000000002,6080.041368421053
530.4136999999998,6081.035052631579
530.6708999999998,6081.739947368421
530.928,6083.714736842103
531.1852,6084.284105263158
531.4424,6084.147894736841
531.6995,6086.061789473686
531.9567,6086.35705263158
532.2137999999998,6087.51147368421
532.4709000000001,6088.0908421052645
532.7279999999998,6088.938894736844
532.9851999999998,6090.12605263158
533.2423,6091.130210526315
533.4994,6091.934263157894
533.7564000000001,6092.968631578949
534.0135000000001,6094.270421052631
534.2706,6096.080842105262
534.5276,6098.035842105261
534.7847,6100.149631578947
535.0416999999999,6100.744473684209
535.2988000000003,6101.913421052632
535.5558,6103.195210526315
535.8127999999999,6104.280736842104
536.0698,6106.210999999998
536.3269,6107.354526315789
536.5838999999999,6110.396947368421
536.8408,6111.871578947367
537.0977999999998,6113.336315789472
537.3547999999998,6114.933736842103
537.6118,6117.188789473683
537.8686999999999,6118.519157894735
538.1257000000003,6121.606473684212
538.3826000000001,6124.048631578948
538.6395,6126.388368421051
538.8965000000001,6128.955789473685
539.1533999999999,6130.7260526315795
539.4102999999998,6134.115894736841
539.6672,6138.072105263159
539.9241000000001,6142.043578947369
540.1810000000003,6146.589315789473
540.4377999999999,6149.447105263159
540.6947,6150.808315789476
540.9516000000001,6154.468473684211
541.2083999999998,6158.0706842105255
541.4653,6160.7113684210535
541.7220999999998,6163.430894736843
541.9789,6166.326210526315
542.2357,6166.85005263158
542.4925000000001,6169.21694736842
542.7492999999997,6171.698368421052
543.0061,6173.917473684212
543.2628999999998,6177.198894736843
543.5197000000001,6180.811315789472
543.7765,6184.742684210527
544.0332,6188.617315789473
544.2900000000001,6191.468631578947
544.5467000000001,6195.194894736841
544.8035,6199.254052631576
545.0602,6202.780789473683
545.3168999999999,6205.911684210528
545.5735999999999,6208.628210526315
545.8302999999999,6211.516421052633
546.0869999999998,6214.595368421051
546.3437,6216.954105263158
546.6004,6218.569368421053
546.8571,6221.14005263158
547.1137,6224.038263157895
547.3703999999999,6225.295684210527
547.6270000000002,6229.726789473684
547.8837000000001,6232.513736842106
548.1402999999999,6234.886631578946
548.3968999999998,6237.195578947368
548.6535000000001,6239.277473684211
548.9101000000002,6241.732736842106
549.1666999999999,6243.746263157896
549.4233000000002,6245.534052631578
549.6798999999999,6247.885842105264
549.9364999999999,6249.787526315789
550.1931000000002,6252.564157894737
550.4496,6254.918789473682
550.7062,6259.392842105263
550.9627,6261.703157894737
551.2191999999998,6264.907684210525
551.4758,6267.577
551.7322999999999,6269.471263157896
551.9887999999999,6270.4665789473665
552.2453000000003,6272.007736842107
552.5018,6273.392947368422
552.7582999999997,6274.642526315792
553.0146999999998,6276.4484210526325
553.2711999999999,6276.285421052632
553.5277,6278.330684210526
553.7841000000001,6278.897578947367
554.0406000000002,6279.153105263158
554.2970000000003,6279.192578947367
554.5534,6279.617368421052
554.8097999999999,6280.281999999998
555.0663000000002,6280.196157894735
555.3227,6280.508684210526
555.5791000000002,6280.77210526316
555.8354,6281.716210526315
556.0918,6282.6787368421055
556.3482000000001,6285.728421052632
556.6046,6286.357368421054
556.8608999999999,6286.480473684208
557.1173,6285.970789473683
557.3736000000001,6286.645631578947
557.6299,6287.519421052631
557.8862000000001,6289.665210526316
558.1425999999999,6289.816894736842
558.3989,6289.85657894737
558.6551999999999,6290.698631578948
558.9114000000001,6290.368999999999
559.1677,6289.957684210527
559.4239999999999,6290.27252631579
559.6803,6290.630263157895
559.9364999999999,6291.654578947369
560.1928,6291.741631578948
560.449,6290.6444210526315
560.7052000000001,6290.463052631581
560.9614,6290.789684210525
561.2176999999999,6291.53052631579
561.4739000000001,6291.358684210526
561.7301,6291.272263157893
561.9863000000003,6291.4873157894735
562.2423999999999,6292.528210526316
562.4986000000001,6292.326894736841
562.7548,6292.693105263158
563.0109,6292.920842105264
563.2671000000001,6292.037684210528
563.5231999999999,6291.667157894736
563.7794,6292.427263157894
564.0355,6292.561894736842
564.2916000000002,6292.473947368421
564.5476999999998,6292.689210526317
564.8037999999999,6293.162947368422
565.0599000000001,6293.4732631578945
565.316,6293.283368421053
565.5721,6293.321736842105
565.8281,6293.537263157895
566.0842,6293.789421052631
566.3402,6293.002842105263
566.5962999999999,6293.20442105263
566.8523000000002,6293.318368421053
567.1083,6293.928
567.3644000000002,6295.43857894737
567.6203999999999,6295.655421052631
567.8763999999999,6295.993263157893
568.1324000000002,6298.073684210528
568.3883,6299.394315789473
568.6443,6299.317631578949
568.9003,6300.65142105263
569.1562,6300.675736842106
569.4122,6301.112157894738
569.6681000000001,6302.055
569.9241000000001,6302.519157894735
570.1800000000001,6302.596368421054
570.4359000000002,6303.316578947368
570.6918,6303.898157894738
570.9477,6303.131157894734
571.2036,6302.757368421051
571.4595000000002,6302.854157894739
571.7154000000002,6302.57552631579
571.9712999999999,6301.344052631579
572.2271,6301.148052631579
572.4830000000001,6302.772368421053
572.7387999999999,6304.320789473686
572.9947,6304.377421052632
573.2505,6304.620684210527
573.5063000000001,6305.162736842107
573.7621,6308.109157894737
574.0179,6309.606000000001
574.2736999999998,6310.317105263157
574.5295,6310.5685263157875
574.7852999999998,6310.475263157897
575.0411000000001,6310.838157894737
575.2968,6310.3245263157905
575.5525999999999,6310.03205263158
575.8083,6308.787263157895
576.0640999999998,6309.255631578948
576.3198,6309.780842105264
576.5755000000001,6310.224157894739
576.8312,6310.737052631581
577.0869000000001,6311.961736842106
577.3426,6312.649631578945
577.5982999999999,6312.675631578947
577.854,6311.936578947369
578.1097000000001,6313.734894736842
578.3653,6314.572000000002
578.6209999999999,6316.019894736842
578.8765999999998,6316.617631578947
579.1323,6317.827789473685
579.3878999999998,6319.442578947368
579.6435,6319.797210526314
579.8991,6321.052578947368
580.1546999999999,6321.631789473682
580.4102999999998,6323.203473684209
580.6659,6324.196157894739
580.9215000000002,6325.484842105262
581.1771000000001,6326.178210526315
581.4327,6326.602631578948
581.6882000000003,6326.059368421051
581.9438000000001,6325.984684210526
582.1993000000001,6326.650684210526
582.4547999999998,6325.726578947369
582.7104,6325.850210526315
582.9658999999999,6324.994684210527
583.2214000000001,6323.651736842107
583.4768999999999,6323.473157894738
583.7324000000001,6321.9209473684205
583.9878000000001,6321.723421052633
584.2433,6321.165684210523
584.4988,6320.983789473684
584.7542,6320.321000000001
585.0097,6319.4331578947385
585.2651000000001,6319.191526315789
585.5206,6319.182789473684
585.776,6318.534052631578
586.0314,6317.071684210526
586.2868,6315.821789473685
586.5422,6315.786315789473
586.7976,6317.389578947369
587.053,6316.872263157897
587.3084,6316.936210526316
587.5637000000002,6316.852052631579
587.8191000000002,6316.837
588.0743999999997,6315.808368421054
588.3297999999998,6315.492315789474
588.5851000000001,6314.990105263157
588.8404000000002,6314.346263157896
589.0957999999999,6314.501421052631
589.3511,6312.096052631579
589.6064000000001,6311.153210526315
589.8616999999999,6310.554263157894
590.1169000000001,6311.114842105264
590.3721999999999,6311.524736842105
590.6275000000003,6312.3876842105265
590.8827,6313.496578947367
591.1380000000003,6313.572157894739
591.3932000000002,6314.212473684212
591.6484999999999,6314.376263157896
591.9037000000002,6316.094
592.1589000000001,6316.076105263158
592.4141,6315.158052631579
592.6692999999998,6314.745315789472
592.9244999999997,6315.121789473683
593.1797000000001,6316.215578947369
593.4349000000001,6317.002578947366
593.6900000000003,6317.698578947369
593.9452,6318.922368421051
594.2003999999998,6319.862368421053
594.4555,6321.101789473684
594.7106000000001,6322.359105263157
594.9658,6322.47147368421
595.2209000000001,6324.339105263158
595.4760000000001,6325.527789473684
595.7311000000001,6326.202315789474
595.9861999999999,6327.1707368421075
596.2412999999999,6328.877421052633
596.4963000000001,6328.97894736842
596.7513999999998,6329.453315789474
597.0064999999997,6331.031631578947
597.2615000000001,6333.686263157894
597.5166000000003,6335.165526315791
597.7716,6337.414368421052
598.0265999999998,6340.118578947369
598.2816000000001,6341.806894736843
598.5367000000001,6343.882894736842
598.7916999999999,6348.409315789476
599.0467000000002,6350.8943157894755
599.3016000000001,6354.011105263158
599.5566,6357.246368421051
599.8116000000001,6360.880578947369
600.0665000000002,6364.271105263157
600.3215,6367.394526315788
600.5764,6372.101631578948
600.8313999999999,6376.344894736842
601.0863000000003,6380.311000000001
601.3412000000002,6383.793052631579
601.5961000000001,6388.433052631578
601.8510000000001,6393.726631578947
602.1059000000002,6398.111263157895
602.3608000000002,6401.59894736842
602.6157000000001,6405.817210526315
602.8706000000001,6410.51247368421
603.1254000000002,6415.166157894736
603.3803000000001,6418.716105263156
603.6350999999997,6421.930631578948
603.8899999999999,6424.3511052631575
604.1448,6427.5762631578955
604.3996000000001,6431.287631578946
604.6543999999999,6433.297736842106
604.9092,6436.573105263157
605.1640000000001,6440.932789473684
605.4187999999999,6444.781578947369
605.6736,6448.971210526315
605.9282999999998,6452.445157894736
606.1831000000001,6455.472368421053
606.4377999999999,6458.944368421052
606.6926000000001,6463.03763157895
606.9472999999999,6467.168999999999
607.2021000000002,6471.431526315789
607.4568,6473.120157894735
607.7114999999999,6476.247210526315
607.9662000000002,6480.413842105262
608.2209000000001,6484.973
608.4755999999999,6489.245157894739
608.7302,6493.842263157893
608.9848999999999,6497.383789473682
609.2396000000002,6499.559842105262
609.4941999999998,6502.675894736842
609.7489000000003,6505.448789473685
610.0035000000001,6507.960578947369
610.2580999999999,6510.258578947368
610.5126999999999,6512.712842105262
610.7674000000001,6515.291210526317
611.0220000000003,6518.044105263158
611.2765999999998,6521.09047368421
611.5311,6523.5819473684205
611.7857000000001,6525.994368421055
612.0403000000001,6528.962684210528
612.2947999999999,6532.149473684211
612.5494,6533.616578947369
612.8039000000002,6534.269157894735
613.0584999999998,6536.399210526315
613.313,6538.515263157894
613.5674999999998,6540.206210526315
613.822,6543.06
614.0764999999998,6545.56794736842
614.331,6547.551789473684
614.5854999999998,6550.176894736843
614.84,6553.091263157895
615.0944999999998,6555.262842105261
615.3489000000001,6558.228473684209
615.6034,6559.105
615.8577999999999,6561.349684210525
616.1123000000001,6562.466210526316
616.3667000000003,6564.265421052631
616.6211000000001,6565.39636842105
616.8755,6567.890368421052
617.1299,6570.13757894737
617.3842999999999,6571.176894736842
617.6386999999997,6571.4804210526345
617.8930999999999,6571.67657894737
618.1474,6572.486368421054
618.4017999999999,6573.548263157895
618.6561,6574.733052631578
618.9105,6576.400210526316
619.1648000000002,6578.151736842107
619.4190999999997,6580.056947368421
619.6735000000002,6582.879947368422
619.9277999999999,6585.319263157894
620.1821,6588.804736842108
620.4364000000003,6592.031368421054
620.6906999999998,6593.150526315788
620.9449000000002,6594.978894736842
621.1991999999999,6598.1158421052605
621.4534999999998,6600.6443684210535
621.7077000000003,6603.735315789473
621.9619000000001,6605.625578947367
622.2162000000002,6607.724368421053
622.4704,6609.847526315789
622.7245999999998,6612.274315789474
622.9788000000002,6616.040105263157
623.2330000000001,6620.426684210524
623.4871999999998,6623.634947368423
623.7414000000002,6625.817052631578
623.9956000000001,6627.338684210527
624.2497999999998,6629.305631578946
624.5038999999999,6632.418947368422
624.7580999999999,6636.939631578946
625.0121999999998,6639.564526315789
625.2662999999999,6642.853052631581
625.5205000000001,6646.77257894737
625.7746000000001,6650.939105263159
626.0287000000002,6654.255210526318
626.2828000000001,6657.385789473683
626.5368999999997,6661.381789473687
626.7909999999998,6665.676210526316
627.045,6669.180315789474
627.2991000000001,6673.453578947371
627.5532000000001,6678.823631578947
627.8071999999999,6681.757789473686
628.0612999999998,6686.013105263157
628.3153000000001,6690.614000000001
628.5692999999998,6695.570842105262
628.8233,6698.799105263158
629.0773000000003,6702.628736842105
629.3312999999999,6705.16605263158
629.5853000000001,6709.874368421051
629.8392999999999,6713.088842105262
630.0933000000002,6714.812842105264
630.3472,6717.359842105265
630.6011999999997,6720.07442105263
630.8551000000001,6722.134210526314
631.1090999999999,6725.64147368421
631.3629999999999,6729.161631578948
631.6169000000003,6732.117526315791
631.8709,6733.964736842105
632.1247999999998,6736.806631578949
632.3786999999999,6739.760368421052
632.6326000000003,6741.529736842104
632.8863999999999,6744.972105263159
633.1402999999997,6750.194210526316
633.3942000000001,6754.185000000001
633.6479999999998,6758.7175789473695
633.9019000000002,6762.05957894737
634.1556999999999,6765.475631578947
634.4094999999999,6768.761894736842
634.6633999999999,6771.968157894736
634.9172,6774.7378421052645
635.1710000000002,6777.0255789473695
635.4248000000001,6780.149315789475
635.6785999999998,6783.424842105262
635.9323999999999,6786.213105263156
636.1861000000002,6789.776473684208
636.4398999999999,6792.524210526315
636.6936000000001,6793.571947368422
636.9474000000004,6797.760105263158
637.2011000000001,6799.3843684210515
637.4549000000001,6802.758684210526
637.7086,6804.932789473686
637.9622999999998,6806.679263157893
638.2160000000001,6808.016263157893
638.4696999999999,6808.676789473685
638.7234000000002,6810.32547368421
638.9771,6812.665526315791
639.2307,6814.927842105266
639.4843999999999,6817.326789473683
639.7379999999999,6819.105210526315
639.9917000000003,6821.186210526317
640.2453000000003,6822.214578947369
640.4989999999999,6823.344157894738
640.7525999999999,6824.532842105262
641.0061999999999,6824.884052631579
641.2597999999999,6825.586052631578
641.5133999999999,6826.225736842103
641.7669999999999,6827.552578947368
642.0206,6827.653315789471
642.2741000000001,6828.375526315788
642.5277000000001,6829.396368421053
642.7811999999999,6830.816315789472
643.0347999999999,6830.215421052632
643.2883,6832.806947368418
643.5417999999996,6833.139894736845
643.7953999999996,6834.29147368421
644.0488999999999,6835.760842105263
644.3024000000003,6836.818526315791
644.5558999999998,6838.483315789475
644.8094,6840.507842105263
645.0627999999999,6840.119631578945
645.3163000000002,6842.436526315789
645.5697999999999,6845.342894736839
645.8232000000002,6846.785157894736
646.0766999999998,6848.258736842105
646.3300999999998,6850.807789473685
646.5835000000001,6852.965631578944
646.8369000000001,6854.863105263158
647.0903,6857.526578947371
647.3436999999999,6860.328000000001
647.5970999999996,6862.946894736843
647.8505000000002,6864.804210526317
648.1039,6867.963473684209
648.3572999999999,6869.4185263157915
648.6106,6869.701052631579
648.8639999999998,6870.717578947368
649.1173,6871.452105263158
649.3706000000001,6872.075578947369
649.6239999999999,6873.403368421052
649.8773,6875.532684210528
650.1306000000002,6876.519631578947
650.3839000000002,6879.245631578949
650.6371999999998,6882.020105263158
650.8904999999997,6883.681421052633
651.1437000000001,6884.561631578948
651.3970000000003,6886.521157894736
651.6502999999999,6887.055157894738
651.9035000000001,6888.741157894737
652.1566999999998,6890.430684210525
652.41,6890.639473684212
652.6631999999996,6892.431105263159
652.9164,6893.822526315791
653.1695999999998,6896.216263157896
653.4228000000002,6898.555947368421
653.6759999999999,6899.874052631577
653.9292000000003,6901.474105263156
654.1823999999999,6903.481105263159
654.4354999999998,6905.278789473684
654.6887000000002,6908.162578947369
654.9418000000001,6910.8623157894735
655.1949999999999,6913.493421052632
655.4480999999998,6915.291368421051
655.7011999999997,6918.556631578949
655.9542999999999,6921.748473684212
656.2073999999999,6923.823368421053
656.4604999999998,6927.831684210526
656.7135999999997,6932.374000000002
656.9667000000003,6936.064631578947
657.2198000000002,6939.61884210526
657.4727999999998,6943.267684210524
657.7258999999999,6945.613789473685
657.9789,6948.99794736842
658.2319000000001,6951.651578947367
658.4850000000001,6956.285105263159
658.7379999999999,6959.50852631579
658.991,6964.057421052632
659.2440000000001,6967.877631578948
659.4969999999998,6969.562842105264
659.75,6973.883842105263
660.0030000000002,6977.084263157894
660.2559,6980.638789473685
660.5089000000002,6984.7891052631585
660.7618000000001,6986.409842105262
661.0148000000003,6990.156368421052
661.2677000000001,6992.291684210526
661.5206,6996.542052631579
661.7736000000002,6999.542421052631
662.0265,7001.6466315789485
662.2793999999999,7003.835263157895
662.5323000000002,7006.577842105265
662.7851000000004,7009.0767368421075
663.0380000000002,7012.826368421052
663.2909,7016.769684210527
663.5437000000001,7020.178578947369
663.7965999999999,7023.500526315788
664.0494,7027.478684210527
664.3022999999998,7032.866263157894
664.5550999999998,7037.490210526318
664.8078999999999,7042.886631578948
665.0607,7047.483105263158
665.3135000000001,7051.862210526317
665.5663000000002,7057.591578947368
665.8191000000002,7061.272473684209
666.0717999999999,7066.024473684213
666.3246,7071.07847368421
666.5774,7077.336315789473
666.8300999999998,7080.094736842107
667.0828,7087.349631578946
667.3356000000001,7092.971736842106
667.5882999999999,7098.7142631578945
667.8410000000001,7103.984157894735
668.0936999999999,7108.538789473685
668.3464000000001,7112.864842105265
668.5990999999999,7116.655684210526
668.8518000000001,7121.406684210527
669.1044,7126.251631578945
669.3570999999998,7131.987526315791
669.6098000000001,7136.874210526316
669.8624,7140.899894736841
670.1149999999999,7145.2565789473665
670.3677000000001,7151.811473684213
670.6203000000003,7157.58642105263
670.8729000000001,7163.12794736842
671.1255,7167.703368421053
671.3781,7174.161631578949
671.6306999999999,7180.190526315788
671.8832000000001,7185.288368421052
672.1358,7188.45794736842
672.3883999999999,7194.290842105265
672.6409000000001,7198.637315789472
672.8935,7202.314842105263
673.1460000000001,7206.352842105264
673.3984999999999,7210.271210526315
673.651,7213.617842105264
673.9035000000001,7215.584315789474
674.1559999999996,7218.408631578949
674.4084999999998,7221.487684210527
674.661,7225.286210526317
674.9135000000001,7229.779315789474
675.1659999999998,7233.90205263158
675.4184000000002,7238.118947368422
675.6708999999997,7242.224578947368
675.9233000000002,7246.051315789476
676.1756999999999,7251.199368421051
676.4282000000001,7256.128421052632
676.6805999999999,7262.520368421052
676.9330000000003,7268.11605263158
677.1854000000001,7273.076052631581
677.4377999999999,7278.426263157894
677.6900999999999,7284.248210526315
677.9424999999998,7287.867263157893
678.1949000000002,7292.491789473684
678.4472000000001,7296.962157894738
678.6996,7300.88752631579
678.9519,7306.522789473682
679.2042,7311.595526315791
679.4565999999998,7315.821526315793
679.7088999999999,7319.740947368425
679.9611999999998,7324.630052631582
680.2135,7329.311736842103
680.4657000000001,7333.694315789473
680.7180000000002,7337.356789473684
680.9703000000003,7341.718526315788
681.2226000000004,7346.651578947367
681.4748,7349.850736842106
681.7270000000002,7353.954631578946
681.9792999999996,7356.019315789472
682.2315,7361.164157894737
682.4837000000001,7363.983315789473
682.7358999999998,7367.31494736842
682.9881000000003,7371.1359473684215
683.2402999999999,7375.1765789473675
683.4925000000002,7380.248157894736
683.7446999999997,7383.982736842105
683.9968000000003,7388.731789473683
684.2489999999999,7392.315263157897
684.5010999999997,7396.945473684211
684.7533000000002,7399.850421052633
685.0054,7403.294052631579
685.2574999999998,7406.956210526313
685.5097000000001,7409.888684210525
685.7618000000001,7412.026842105262
686.0139,7415.273473684213
686.2659000000002,7419.239210526315
686.518,7422.573052631577
686.7700999999998,7423.757526315787
687.0221999999999,7426.921157894736
687.2742,7429.840526315791
687.5262999999998,7434.070999999999
687.7783,7436.9658421052645
688.0303000000002,7440.411789473682
688.2823000000003,7445.712947368421
688.5342999999998,7451.803894736844
688.7864000000003,7457.361631578947
689.0383,7463.00442105263
689.2903000000001,7468.791894736841
689.5422999999996,7473.504842105262
689.7942999999998,7478.977210526316
690.0462000000002,7482.39647368421
690.2981999999997,7488.013157894737
690.5501000000003,7492.047263157896
690.8021000000003,7496.807368421052
691.054,7501.420736842104
691.3058999999998,7506.108578947368
691.5578000000003,7510.365631578949
691.8096999999999,7514.454157894736
692.0616000000003,7519.0897894736845
692.3135000000001,7522.712631578947
692.5653999999997,7526.314263157893
692.8171999999997,7530.942789473685
693.0691000000002,7534.251157894738
693.3209000000002,7538.586157894736
693.5728,7543.881894736844
693.8246,7548.511105263157
694.0764,7553.697105263158
694.3282,7557.700947368423
694.58,7562.160105263159
694.8318,7567.639157894735
695.0836,7570.909736842107
695.3354,7573.79105263158
695.5872,7576.38110526316
695.8389000000002,7579.7518947368435
696.0907000000002,7583.604157894736
696.3423999999998,7584.848684210527
696.5941999999998,7585.873947368422
696.8459000000001,7587.3510000000015
697.0976000000004,7589.177578947369
697.3493,7591.783894736841
697.6010000000001,7594.404789473685
697.8526999999999,7597.847842105264
698.1044,7601.707894736843
698.3561000000003,7605.81494736842
698.6077000000002,7608.807000000001
698.8593999999998,7611.120736842105
699.1110000000003,7614.031421052629
699.3626999999998,7616.78757894737
699.6142999999997,7620.001000000003
699.8659000000002,7621.012210526317
700.1175000000002,7623.276210526317
700.3691999999996,7624.536736842106
700.6206999999999,7625.9967894736865
700.8722999999997,7626.472052631582
701.1239000000003,7626.51910526316
701.3755,7626.724105263156
701.6270999999998,7626.238631578946
701.8786,7627.385421052629
702.1301999999997,7628.905684210527
702.3817,7629.444789473686
702.6332000000001,7629.7068947368425
702.8847000000001,7629.215105263158
703.1362000000004,7629.424368421054
703.3878000000002,7630.364052631577
703.6391999999997,7629.982210526315
703.8907,7628.994999999997
704.1422000000001,7628.214684210525
704.3937000000001,7628.620210526316
704.6450999999998,7629.817578947369
704.8966,7632.87952631579
705.1479999999997,7635.401157894737
705.3994999999998,7638.505210526317
705.6509000000001,7640.591105263156
705.9022999999999,7642.943315789475
706.1537000000003,7645.156894736843
706.4051,7645.428421052632
706.6565000000004,7645.492684210527
706.9079,7645.595105263158
707.1592999999998,7644.500789473685
707.4105999999997,7642.157315789474
707.6620000000001,7638.95057894737
707.9133,7636.126105263155
708.1646999999998,7634.147263157894
708.4159999999997,7633.217684210525
708.6672999999996,7633.00442105263
708.9186000000003,7630.789894736842
709.1699000000003,7628.655210526315
709.4212000000002,7626.433684210528
709.6725000000001,7623.644736842107
709.9238000000003,7621.647263157895
710.1751000000003,7618.940368421056
710.4262999999996,7617.418947368419
710.6775999999996,7614.354789473683
710.9287999999998,7611.266368421052
711.1800000000002,7607.991052631578
711.4313000000001,7606.3618421052615
711.6825000000003,7606.304578947367
711.9336999999998,7607.394684210527
712.1849000000001,7607.433894736841
712.4361000000004,7605.474157894735
712.6872999999998,7604.507947368424
712.9383999999997,7603.125157894739
713.1895999999998,7600.499842105261
713.4408000000002,7595.875052631578
713.6918999999999,7590.240947368421
713.9429999999998,7584.73647368421
714.1942,7581.574368421053
714.4452999999999,7578.9844736842115
714.6964000000003,7576.839210526317
714.9475000000001,7576.559894736844
715.1985999999998,7579.845578947368
715.4496999999997,7581.953894736841
715.7008000000001,7582.745736842104
715.9518000000003,7585.155578947369
716.2029000000001,7587.8263684210515
716.4539999999998,7592.302631578949
716.705,7594.896052631579
716.956,7598.860473684212
717.2070999999997,7600.195736842106
717.4581,7602.70557894737
717.7091,7604.326526315791
717.9601000000001,7605.574947368423
718.2111000000002,7606.907157894739
718.4621000000002,7606.679894736841
718.7129999999999,7606.162368421053
718.964,7606.251736842105
719.215,7603.930684210527
719.4658999999997,7601.938105263159
719.7168999999999,7598.275315789474
719.9678000000002,7595.5170526315815
720.2186999999999,7590.007842105262
720.4696000000002,7583.092263157893
720.7204999999999,7576.707421052631
720.9714000000002,7570.759947368421
721.2222999999999,7564.6752631578975
721.4732000000002,7557.926736842106
721.7240999999999,7554.393105263157
721.9748999999997,7550.403105263157
722.2258,7545.605526315793
722.4766,7542.172842105262
722.7273999999999,7540.1268947368435
722.9783000000002,7538.203842105264
723.2291000000002,7537.60494736842
723.4799000000002,7535.160000000001
723.7307,7533.084105263158
723.9815,7530.732473684211
724.2322999999998,7529.46747368421
724.4830000000001,7528.819736842106
724.7338,7528.740631578949
724.9845999999999,7528.723263157893
725.2353000000002,7528.176263157894
725.4861,7526.7642631578965
725.7368000000001,7524.203315789473
725.9874999999997,7522.547052631579
726.2381999999999,7521.071052631579
726.4889000000002,7518.94452631579
726.7396000000003,7516.8476842105265
726.9902999999999,7514.970999999998
727.241,7513.583157894737
727.4917000000003,7514.224157894736
727.7423,7515.304842105264
727.9930000000003,7516.282157894737
728.2435999999999,7518.249578947369
728.4941999999996,7519.9693684210515
728.7448999999998,7525.024578947368
728.9955000000003,7530.932315789474
729.2461000000002,7537.552157894737
729.4966999999998,7543.916631578945
729.7472999999997,7550.462684210526
729.9979000000002,7554.486421052631
730.2484000000002,7555.811684210527
730.4989999999999,7553.065578947369
730.7495999999996,7549.819999999996
731.0000999999997,7548.663947368422
731.2507000000003,7547.136421052629
731.5012000000002,7545.375421052631
731.7517000000003,7541.450210526317
732.0022000000004,7540.1376842105265
732.2527000000003,7537.154999999999
732.5031999999997,7535.783894736841
732.7536999999998,7535.096315789475
733.0041999999999,7536.007842105265
733.2546999999997,7537.898
733.5051000000002,7539.740842105261
733.7556000000002,7542.1162105263165
734.0059999999999,7544.615947368421
734.2564000000001,7549.0997894736865
734.5069000000002,7556.458736842103
734.7572999999998,7567.273105263157
735.0077,7582.552526315789
735.2580999999997,7596.606000000002
735.5085,7612.710368421054
735.7589000000003,7629.276105263159
736.0092000000002,7645.812842105265
736.2595999999999,7664.588315789473
736.5100000000001,7683.521736842107
736.7603,7698.702999999998
737.0105999999997,7710.649105263158
737.2610000000002,7723.029368421054
737.5113,7736.508842105263
737.7615999999999,7748.424947368424
738.0118999999997,7759.1663684210525
738.2621999999997,7769.4936842105235
738.5125000000003,7779.952421052628
738.7628000000002,7792.829894736841
739.0130000000004,7806.239210526316
739.2633000000001,7822.01910526316
739.5135000000004,7837.644789473684
739.7638000000002,7853.037526315792
740.0139999999997,7870.14594736842
740.2641999999997,7890.600526315791
740.5144,7914.054526315789
740.7646999999998,7939.967894736843
741.0149,7967.124210526314
741.2649999999999,7997.632631578946
741.5151999999999,8032.279263157894
741.7654000000001,8076.174263157894
742.0156000000002,8127.917368421052
742.2657,8192.156631578946
742.5159000000002,8274.927421052635
742.7659999999997,8379.558157894737
743.0161000000003,8505.323105263156
743.2662,8638.353947368421
743.5164000000002,8770.449789473685
743.7664999999998,8902.635315789472
744.0164999999998,9033.176210526315
744.2666000000004,9163.258368421051
744.5167,9293.227631578946
744.7667999999998,9421.638736842102
745.0167999999998,9549.864105263157
745.2669000000002,9669.298473684208
745.5169000000002,9753.50068421053
745.7669000000002,9821.275421052633
746.0169999999999,9887.369368421054
746.2669999999999,9955.129947368421
746.5169999999999,10017.44063157895
746.7669999999999,10078.55894736842
747.0169999999999,10150.2447368421
747.2669999999999,10242.135789473681
747.5169000000002,10363.722105263163
747.7669000000002,10481.496842105262
748.0167999999998,10568.674210526317
748.2667999999998,10636.687368421057
748.5167,10706.59263157895
748.7666000000004,10788.038421052628
749.0166000000004,10878.83684210526
749.2664999999998,10961.530526315792
749.5164000000002,11035.706842105263
749.7662999999998,11102.722105263154
750.0161000000003,11165.812105263161
750.2659999999997,11220.672631578946
750.5159000000002,11267.585263157896
750.7657,11304.48
751.0156000000002,11336.414736842109
751.2654000000001,11364.306842105265
751.5151999999999,11390.476315789474
751.7651000000002,11416.776842105262
752.0149,11444.577894736844
752.2646999999998,11474.128421052626
752.5144999999998,11506.971052631581
752.7643000000003,11542.741578947367
753.0139999999997,11582.955789473684
753.2638000000002,11627.726842105263
753.5136000000001,11677.47
753.7633000000002,11731.73631578947
754.0131,11792.46789473684
754.2628000000002,11859.233684210527
754.5125000000003,11921.79947368421
754.7621999999997,11976.80105263158
755.0118999999997,12023.557368421049
755.2615999999999,12062.71684210526
755.5113,12099.13894736842
755.7610000000002,12132.278947368419
756.0107000000003,12161.133684210527
756.2603,12188.89894736842
756.5100000000001,12208.41
756.7595999999998,12221.454736842104
757.0092999999998,12223.81736842105
757.2589000000003,12215.031578947366
757.5085,12191.157368421054
757.7580999999997,12148.377894736843
758.0077,12082.425789473682
758.2572999999998,11997.076842105263
758.5069000000002,11902.626315789477
758.7564999999997,11807.603684210524
759.0059999999997,11709.601578947366
759.2556000000002,11614.632631578947
759.5051000000002,11520.347894736844
759.7546999999997,11425.831052631578
760.0041999999997,11328.585789473682
760.2536999999998,11227.21105263158
760.5031999999997,11134.595789473684
760.7527000000003,11077.938421052633
761.0022000000004,11040.013684210528
761.2517000000003,11007.032105263159
761.5012000000003,10973.76842105263
761.7507000000003,10949.13157894737
762.0000999999997,10929.121052631579
762.2495999999996,10898.060526315789
762.4989999999999,10844.756842105264
762.7484999999998,10761.039999999994
762.9979000000002,10681.364210526317
763.2472999999997,10634.748947368422
763.4966999999998,10609.384210526312
763.7461000000002,10579.137894736838
763.9955000000003,10534.439999999997
764.2448999999998,10476.063684210527
764.4941999999996,10421.15
764.7435999999999,10371.824210526318
764.9930000000003,10325.59947368421
765.2423,10280.966315789474
765.4915999999997,10241.745263157896
765.741,10212.179473684213
765.9902999999998,10192.655789473682
766.2396000000003,10179.096315789468
766.4889000000002,10170.031052631582
766.7381999999999,10156.763157894738
766.9874999999997,10144.299999999997
767.2366999999998,10133.23947368421
767.4860000000003,10119.423157894733
767.7353000000002,10100.46894736842
767.9845000000003,10077.387263157894
768.2337000000002,10051.28252631579
768.4830000000001,10022.597473684214
768.7322000000003,9995.32747368421
768.9814000000002,9971.27594736842
769.2306000000003,9940.887894736841
769.4797999999996,9903.978526315788
769.7289999999998,9868.560789473684
769.9781999999998,9845.818842105262
770.2273000000002,9833.216631578944
770.4765000000002,9828.88142105263
770.7255999999999,9826.579526315789
770.9748,9826.985894736841
771.2239000000003,9834.199789473683
771.473,9842.959578947368
771.7222,9857.311947368422
771.9712999999997,9873.056368421054
772.2204,9889.35510526316
772.4694,9908.344894736842
772.7184999999996,9929.518210526316
772.9676,9949.685684210528
773.2167000000003,9966.958631578946
773.4657000000002,9978.87631578947
773.7147000000002,9986.138526315788
773.9637999999998,9990.546473684208
774.2127999999998,9995.221263157893
774.4618000000004,9995.193526315787
774.7108000000003,9993.582421052632
774.9598000000002,9990.349578947369
775.2088000000002,9988.219368421052
775.4578,9991.359157894734
775.7068,9994.391421052627
775.9557000000002,9997.087684210528
776.2047000000001,9998.271631578946
776.4536000000003,9995.147526315786
776.7026000000002,9987.72215789474
776.9514999999997,9976.510999999999
777.2003999999998,9962.273842105264
777.4493000000001,9950.487263157896
777.6982000000003,9935.709421052632
777.9470999999998,9922.972157894736
778.196,9907.287736842103
778.4449000000002,9887.342526315791
778.6938000000004,9866.974736842107
778.9426000000002,9852.592210526314
779.1915000000004,9844.452421052632
779.4403000000001,9846.919736842103
779.6890999999998,9855.929421052631
779.938,9867.376368421052
780.1867999999997,9881.871999999998
780.4356000000002,9893.600421052632
780.6844,9903.792842105266
780.9331999999998,9911.878684210527
781.1818999999998,9921.629263157894
781.4307000000003,9932.871315789469
781.6795000000001,9945.120842105267
781.9282000000002,9958.22047368421
782.1769999999998,9969.916263157893
782.4256999999999,9980.870947368421
782.6744,9992.914894736843
782.9231,10004.774421052634
783.1718,10015.842421052632
783.4205000000001,10022.54078947368
783.6692000000002,10024.16884210526
783.9179000000003,10019.590736842107
784.1666000000002,10006.936157894737
784.4151999999998,9991.193526315788
784.6638999999998,9976.285842105266
784.9125000000003,9960.167315789471
785.1612000000002,9938.910842105266
785.4097999999998,9912.617052631582
785.6584000000001,9881.757789473684
785.9069999999997,9848.62052631579
786.1556,9812.676000000001
786.4042000000003,9774.792210526319
786.6528,9734.655210526318
786.9014000000002,9694.86705263158
787.1499000000002,9656.407000000001
787.3984999999998,9620.323157894738
787.6470000000004,9583.28805263158
787.8956,9544.770157894738
788.1440999999998,9506.051052631583
788.3925999999997,9469.803
788.6411000000003,9438.709894736845
788.8896000000002,9414.918263157893
789.1381,9396.41905263158
789.3865999999999,9382.202368421058
789.6350999999997,9369.214947368419
789.8835,9357.781421052632
790.1319999999997,9347.855421052629
790.3804,9340.661789473683
790.6288999999998,9331.727578947368
790.8773,9324.775526315787
791.1257000000003,9316.112842105264
791.3742000000001,9306.750315789473
791.6226000000003,9298.330894736842
791.8709,9289.907052631577
792.1193000000002,9280.61347368421
792.3677000000002,9269.563421052631
792.6160999999997,9256.250684210529
792.8644000000003,9246.438210526316
793.1128000000003,9233.443789473684
793.3611,9221.358263157892
793.6095000000003,9207.492
793.8577999999999,9189.685315789473
794.1061000000003,9167.212947368418
794.3544,9141.291105263159
794.6026999999998,9109.360842105265
794.8510000000002,9073.33205263158
795.0993,9035.496000000001
795.3475,8998.82447368421
795.5957999999997,8962.625631578947
795.8440000000004,8925.259052631578
796.0923000000001,8889.47510526316
796.3405000000001,8850.511789473683
796.5887000000001,8809.324842105263
796.8369999999998,8768.963315789471
797.0851999999998,8732.258000000002
797.3333999999998,8697.829894736842
797.5815999999998,8667.234052631577
797.8297000000001,8639.135157894736
798.0779000000001,8612.484263157894
798.3261000000001,8586.491421052631
798.5741999999997,8566.716789473683
798.8224000000004,8552.427631578947
799.0704999999999,8541.32305263158
799.3186000000002,8531.896315789474
799.5668000000002,8522.84005263158
799.8148999999997,8511.23105263158
800.063,8502.383210526317
800.3111000000004,8490.537473684211
800.5591000000002,8478.540473684208
800.8071999999997,8464.742631578945
801.0553,8446.98042105263
801.3032999999998,8428.420421052631
801.5514000000002,8406.723157894738
801.7994,8387.888263157893
802.0473999999998,8370.704947368424
802.2955000000001,8354.891684210528
802.5434999999999,8339.696263157894
802.7914999999998,8324.29194736842
803.0395000000003,8312.102736842106
803.2873999999997,8300.73863157895
803.5354000000002,8290.414789473685
803.7834000000001,8277.377421052634
804.0313000000002,8263.220157894739
804.2793,8247.314210526316
804.5272000000002,8231.525421052631
804.7752,8220.14015789474
805.0231000000002,8212.083578947368
805.2710000000002,8210.139368421052
805.5188999999997,8210.376789473685
805.7667999999998,8213.169263157894
806.0146999999998,8217.062
806.2625000000003,8219.442000000001
806.5103999999997,8220.617999999999
806.7582999999997,8220.414894736843
807.0061000000002,8223.593631578948
807.2540000000004,8228.930315789477
807.5018,8240.006684210524
807.7495999999996,8257.276000000002
807.9974000000001,8280.349947368422
808.2451999999997,8311.457210526316
808.4930000000003,8341.503789473685
808.7407999999998,8374.022263157896
808.9886000000002,8404.515368421053
809.2363999999999,8433.558263157895
809.4840999999998,8462.969421052636
809.7319000000002,8495.993894736841
809.9796000000002,8533.960736842104
810.2273000000002,8575.819947368418
810.4750999999998,8618.685421052629
810.7227999999998,8661.76163157895
810.9704999999998,8704.140842105262
811.2181999999998,8741.963473684209
811.4658999999997,8775.737894736842
811.7135,8803.529
811.9611999999998,8824.865894736842
812.2088999999997,8839.22489473684
812.4565000000001,8847.871000000003
812.7042,8849.503736842107
812.9518000000003,8847.440947368419
813.1993999999997,8842.144052631576
813.447,8834.37294736842
813.6946000000003,8823.097315789477
813.9421999999997,8808.367263157894
814.1898,8791.201684210524
814.4374000000003,8773.620315789472
814.6849999999997,8756.385578947367
814.9325000000003,8738.958684210524
815.1800999999998,8716.287315789474
815.4275999999996,8692.04252631579
815.6751999999998,8666.802368421051
815.9226999999996,8644.831210526316
816.1702000000002,8627.965578947367
816.4177,8612.94131578947
816.6651999999998,8598.188421052633
816.9127000000003,8583.807578947371
817.1602000000001,8566.979526315788
817.4076999999999,8550.072736842103
817.6551,8535.766684210526
817.9025999999998,8526.052789473679
818.1499999999997,8516.952421052629
818.3974999999997,8512.364105263161
818.6448999999998,8506.906210526315
818.8922999999998,8501.933263157896
819.1396999999998,8494.52552631579
819.3871,8481.573842105267
819.6345,8461.887736842105
819.8819000000002,8432.607000000002
820.1293000000002,8397.276473684213
820.3765999999997,8352.413631578947
820.6239999999999,8304.065526315788
820.8713000000004,8252.479263157893
821.1186999999996,8198.840842105265
821.366,8147.55442105263
821.6133000000003,8097.250368421053
821.8606,8047.6794210526305
822.1078999999996,7995.209368421053
822.3552,7938.927315789472
822.6025000000003,7876.463684210525
822.8498,7808.0087368421055
823.0969999999999,7732.987578947368
823.3443000000003,7650.781736842106
823.5915000000003,7570.028736842104
823.8387999999997,7488.305789473684
824.0859999999997,7409.7846315789475
824.3332000000004,7333.0047368421065
824.5804000000004,7255.046263157896
824.8276000000002,7172.9542105263145
825.0748000000002,7086.725578947368
825.322,6996.6028421052615
825.5692,6904.546315789476
825.8163000000003,6811.595736842105
826.0635000000001,6720.460315789474
826.3106000000004,6631.143789473685
826.5578000000004,6544.7435263157895
826.8048999999995,6464.955736842106
827.0519999999998,6389.156894736842
827.2991000000001,6318.144684210527
827.5462000000003,6250.732263157894
827.7932999999997,6187.458526315791
828.0404,6127.756631578947
828.2875000000003,6070.616000000001
828.5344999999999,6017.2857894736835
828.7816000000001,5964.229105263156
829.0287000000004,5911.659947368421
829.2757,5859.172315789474
829.5226999999996,5804.824736842105
829.7697000000004,5750.127842105264
830.0167999999998,5695.833894736842
830.2638000000003,5645.776105263157
830.5107000000004,5600.82094736842
830.7577,5558.509578947368
831.0046999999996,5516.484263157896
831.2517000000004,5472.50757894737
831.4986000000005,5428.301842105261
831.7456000000001,5385.311842105261
831.9925000000002,5341.310157894736
832.2394000000003,5297.694947368423
832.4863999999999,5253.544894736842
832.7333,5205.475473684212
832.9802,5151.8043157894745
833.2271,5096.470947368422
833.474,5034.565842105263
833.7207999999997,4973.606789473684
833.9676999999996,4913.426315789476
834.2145999999997,4853.425736842105
834.4614,4798.029210526314
834.7082000000004,4747.895894736843
834.9550999999996,4702.853105263157
835.2019,4658.896105263158
835.4487000000005,4618.478473684209
835.6954999999999,4577.995000000001
835.9423000000003,4536.7366315789495
836.1890999999997,4496.287894736843
836.4359000000003,4456.079789473684
836.6826,4418.094736842106
836.9294000000003,4381.328736842104
837.1761000000002,4346.112736842106
837.4228999999997,4312.604684210528
837.6695999999996,4282.272473684211
837.9163000000004,4252.29105263158
838.1630000000004,4223.388684210528
838.4097,4196.076052631579
838.6564,4170.182631578948
838.9030999999997,4144.815105263159
839.1497999999996,4119.207052631579
839.3965000000004,4094.5852105263148
839.6430999999997,4071.018105263158
839.8898000000005,4048.512947368421
840.1363999999998,4026.634789473682
840.3829999999999,4006.352210526317
840.6296999999996,3984.6942631578945
840.8763,3964.065789473684
841.1229000000002,3943.6040526315796
841.3695000000004,3924.036736842107
841.6160999999996,3906.313736842105
841.8626000000003,3889.4188947368407
842.1092000000004,3872.7266842105264
842.3557999999997,3856.4624210526313
842.6023000000004,3840.21352631579
842.8489000000003,3824.215368421052
843.0954,3807.341157894737
843.3418999999998,3792.1068421052623
843.5884000000002,3776.2674736842105
843.8349,3761.291789473684
844.0813999999997,3746.5151052631577
844.3279000000001,3731.3363684210535
844.5743999999996,3715.873789473685
844.8207999999996,3700.539421052632
845.0673000000003,3685.7671052631576
845.3138,3670.7353684210525
845.5602,3654.1670526315797
845.8066,3638.703210526316
846.053,3621.465684210527
846.2994999999995,3605.3978947368428
846.5458999999995,3588.4946315789475
846.7922999999995,3570.932052631579
847.0386,3553.132368421052
847.285,3534.461684210527
847.5314,3514.6094736842106
847.7777000000002,3494.84247368421
848.0241000000002,3475.983578947369
848.2703999999998,3456.5613684210525
848.5167999999998,3439.081052631579
848.7631,3421.346736842105
849.0094000000005,3403.473421052631
849.2556999999998,3387.364631578948
849.5020000000003,3372.3821052631574
849.7482999999996,3357.4937368421056
849.9946,3342.6537894736844
850.2407999999997,3329.1395789473668
850.4871000000002,3315.3900526315783
850.7333,3301.672999999999
850.9796000000002,3288.639052631578
851.2258,3276.099421052632
851.4719999999999,3264.2515789473696
851.7181999999997,3251.741368421053
851.9644000000004,3240.155368421052
852.2106000000002,3227.680631578947
852.4568,3216.1509999999994
852.7029999999996,3203.132210526315
852.9491999999997,3189.98894736842
853.1952999999997,3176.7180526315783
853.4415000000005,3164.053842105263
853.6875999999996,3150.984789473683
853.9336999999997,3137.9068947368432
854.1798999999995,3125.095315789474
854.4259999999998,3112.7087894736846
854.6720999999999,3100.628157894738
854.9182,3087.668
855.1643000000003,3074.7376315789475
855.4102999999997,3060.8548421052633
855.6564,3048.0651578947386
855.9023999999996,3035.3523157894747
856.1484999999997,3022.0074210526323
856.3945000000002,3009.498947368422
856.6406000000003,2997.1144736842093
856.8865999999999,2983.7581052631585
857.1326000000005,2969.896473684211
857.3786,2954.958684210526
857.6245999999995,2940.8143684210527
857.8706000000001,2926.7553157894727
858.1165999999997,2913.717684210527
858.3624999999996,2900.689894736841
858.6085000000002,2887.607736842106
858.8544,2873.24552631579
859.1003999999997,2860.196315789473
859.3462999999996,2847.8078421052637
859.5921999999997,2836.583631578947
859.8381000000005,2824.395789473685
860.0840000000004,2812.4549473684206
860.3299000000003,2802.2653157894747
860.5758000000002,2792.598157894737
860.8217000000003,2782.1689473684205
861.0674999999995,2773.9136842105263
861.3133999999997,2765.426947368421
861.5591999999998,2757.5598947368426
861.8050999999997,2748.9372631578944
862.0509000000001,2739.842105263159
862.2967000000004,2731.349368421052
862.5424999999998,2722.9512631578946
862.7882999999999,2713.898631578947
863.0341000000004,2704.4181052631584
863.2798999999997,2695.3333684210525
863.5257,2686.612736842105
863.7715000000003,2676.2147368421047
864.0172000000001,2665.5076315789474
864.2630000000004,2655.1604736842105
864.5087000000002,2644.0841578947366
864.7543999999999,2632.4366315789475
865.0000999999997,2621.0438421052636
865.2459,2608.9672631578946
865.4915999999998,2598.079210526316
865.7371999999998,2587.2430526315798
865.9828999999996,2577.248368421054
866.2286000000003,2566.968842105263
866.4743,2557.0127894736834
866.7199,2547.0127894736847
866.9655999999998,2536.2650526315792
867.2111999999998,2526.699894736842
867.4568000000002,2516.9889473684207
867.7024,2506.9039473684215
867.9480999999997,2496.935526315789
868.1937,2486.5688421052632
868.4392000000004,2475.321157894736
868.6847999999997,2464.266631578948
868.9303999999997,2453.476947368421
869.1759999999998,2442.5523157894736
869.4215000000002,2431.2760000000003
869.6671000000001,2419.289315789473
869.9125999999999,2408.8345789473683
870.1581000000002,2398.474684210527
870.4035999999998,2388.0250000000005
870.6491000000001,2377.4976315789477
870.8945999999999,2366.613789473685
871.1401000000002,2356.6820000000002
871.3855999999997,2347.7106842105263
871.6311000000001,2337.8495263157893
871.8765999999998,2328.259210526315
872.1219999999997,2319.120368421052
872.3673999999995,2310.573157894737
872.6128999999999,2302.2298421052633
872.8583000000001,2294.257315789472
873.1036999999999,2285.444263157895
873.3490999999998,2276.165263157895
873.5944999999996,2267.1727894736846
873.8398999999996,2259.7086315789466
874.0853000000002,2252.0651052631583
874.3307000000003,2244.3073157894733
874.5760000000004,2235.1520526315785
874.8214000000004,2227.242052631579
875.0666999999997,2219.748578947368
875.3120999999995,2210.005578947368
875.5573999999998,2200.3714736842103
875.8027,2190.866842105264
876.0480000000002,2181.5062105263155
876.2932999999998,2171.1687894736842
876.5386000000001,2160.969684210527
876.7839000000002,2151.2306842105263
877.0291,2141.587000000001
877.2744000000001,2132.4792105263164
877.5195999999999,2123.1075789473684
877.7649,2114.078894736842
878.0100999999997,2105.7761578947366
878.2553000000004,2096.9099473684214
878.5005999999997,2087.2520526315798
878.7458000000003,2078.749
878.9909999999999,2071.049368421052
879.2361,2064.0936315789468
879.4812999999998,2057.037684210526
879.7265000000003,2049.770105263157
879.9716999999999,2042.7081052631577
880.2168,2035.9997894736841
880.4619000000001,2028.1261578947363
880.7070999999999,2020.3696842105267
880.9522,2012.552315789474
881.1973,2004.3694736842108
881.4424000000001,1996.7447368421058
881.6875,1990.098
881.9325999999999,1983.994578947369
882.1777,1976.6347368421048
882.4226999999995,1969.091842105263
882.6677999999996,1962.9385263157892
882.9128,1956.3258947368427
883.1579,1949.875684210527
883.4029000000004,1944.3735789473687
883.6479000000002,1938.7348421052636
883.8929000000003,1933.4639473684203
884.1378999999998,1928.5726315789477
884.3829000000002,1922.9604736842107
884.6278999999997,1918.5314736842104
884.8729000000002,1913.5541578947373
885.1178999999997,1908.6758421052637
885.3628000000003,1902.9267894736847
885.6077999999999,1897.5707368421056
885.8526999999998,1892.6290000000001
886.0976000000004,1887.7654210526314
886.3425000000002,1881.698210526316
886.5874999999997,1876.4817894736848
886.8323999999997,1870.5871578947365
887.0772,1864.9932631578952
887.3220999999999,1859.9476315789468
887.5669999999997,1854.064894736842
887.8119000000003,1848.4687368421055
888.0566999999996,1843.4239999999998
888.3016000000002,1838.169789473684
888.5463999999996,1832.700315789473
888.7911999999999,1827.042473684211
889.0359999999998,1820.5753157894742
889.2808999999999,1814.0119999999997
889.5257,1807.4587368421053
889.7703999999999,1800.9945789473684
890.0151999999999,1794.266052631579
890.2600000000001,1787.9781578947373
890.5048000000002,1782.0735263157896
890.7495,1775.9482631578946
890.9943000000002,1769.431684210526
891.2389999999997,1763.1935263157893
891.4837000000003,1756.5828947368423
891.7284,1750.3473684210526
891.9730999999996,1744.0262105263155
892.2178000000002,1736.7070000000003
892.4624999999997,1730.2371578947368
892.7072000000004,1723.590736842105
892.9519,1716.3207894736838
893.1965000000001,1709.600368421053
893.4411999999998,1703.6668947368428
893.6857999999996,1698.0705263157895
893.9305000000003,1692.2608421052632
894.1751000000002,1685.3356842105263
894.4197000000003,1678.9406315789472
894.6643000000001,1672.323052631579
894.9089000000002,1666.3464736842107
895.1535000000001,1660.205578947368
895.3981000000002,1654.1034210526313
895.6425999999996,1648.5712631578951
895.8871999999997,1642.753
896.1317,1637.3270000000005
896.3763000000001,1631.784315789474
896.6208000000003,1625.7294736842105
896.8652999999999,1619.5080000000003
897.1098000000001,1614.0177368421057
897.3542999999996,1608.8011578947364
897.5988,1603.2591052631578
897.8433000000002,1597.7888947368422
898.0877999999998,1591.6530526315787
898.3322999999999,1586.204789473684
898.5766999999997,1580.4238421052632
898.8212000000002,1574.4008947368422
899.0656,1568.582894736842
899.3099999999996,1563.1268947368424
899.5545000000001,1556.9090000000003
899.7988999999999,1549.9346842105263
900.0432999999998,1542.6826315789472
900.2877000000004,1535.998947368421
900.5319999999996,1530.0505789473684
900.7764000000002,1524.2146842105262
901.0208000000001,1518.0613684210527
901.2651000000002,1511.9081578947369
901.5094999999999,1505.8093684210528
901.7538000000003,1499.9129999999998
901.9981000000004,1493.9525789473678
902.2425000000001,1488.062052631579
902.4868000000001,1482.6566315789478
902.7311000000003,1476.286263157895
902.9753999999997,1469.722263157895
903.2196000000001,1463.6965789473682
903.4639000000002,1457.7944210526314
903.7082000000004,1450.9778421052633
903.9524,1445.086947368421
904.1967000000002,1438.8860526315789
904.4408999999997,1433.7906842105263
904.6851000000001,1428.7373157894733
904.9293,1423.9091052631575
905.1736,1418.109894736842
905.4177000000001,1412.5309473684208
905.6618999999995,1407.0924736842107
905.9060999999999,1401.4227368421052
906.1502999999998,1396.0101578947367
906.3943999999997,1390.838789473684
906.6386000000001,1385.0343684210525
906.8827,1379.7505789473682
907.1268999999996,1375.2307368421052
907.3709999999995,1369.4424736842102
907.6150999999996,1364.0154210526316
907.8592000000003,1359.075210526315
908.1033000000002,1353.670631578947
908.3474000000001,1348.4189473684214
908.5915000000003,1342.2165263157892
908.8354999999997,1336.177052631579
909.0796000000004,1330.8104736842106
909.3235999999999,1325.3894210526314
909.5676999999998,1320.083842105263
909.8117000000001,1313.9291578947368
910.0557000000005,1308.3876315789469
910.2996999999998,1302.6998947368418
910.5436999999998,1296.7375263157892
910.7877000000004,1291.526263157895
911.0316999999998,1286.4684736842105
911.2756999999998,1280.756894736842
911.5197000000004,1275.4062631578945
911.7635999999999,1270.1326315789468
912.0076000000005,1264.8223684210525
912.2515,1258.6994736842107
912.4954,1252.7332105263154
912.7392999999997,1247.9228947368417
912.9832000000001,1243.9674736842105
913.2270999999998,1238.364789473684
913.4709999999999,1233.7549999999997
913.7148999999994,1228.3797368421056
913.9588000000001,1223.1670526315786
914.2026000000002,1217.7241052631578
914.4465000000001,1212.0015789473684
914.6902999999999,1206.8908947368423
914.9341999999999,1201.6600526315792
915.1780000000001,1196.6480526315786
915.4217999999998,1192.0622631578947
915.6656,1186.5420526315786
915.9094000000002,1181.638368421053
916.1532000000003,1176.5251052631581
916.3970000000005,1171.0845789473678
916.6407999999997,1165.886263157895
916.8844999999999,1161.0368421052628
917.1283000000001,1155.3180526315787
917.3719999999997,1149.6970000000001
917.6157,1145.140947368421
917.8595000000001,1139.9005789473683
918.1031999999999,1134.2677894736844
918.3469000000002,1127.9735789473689
918.5905999999998,1123.0912631578947
918.8343000000001,1117.330842105263
919.0779,1112.1707368421055
919.3215999999996,1106.160263157895
919.5652999999999,1100.158105263158
919.8089,1093.6243684210526
920.0525000000001,1088.2710526315786
920.2962000000003,1082.9632631578947
920.5398000000001,1077.2424210526315
920.7834,1071.8636315789474
921.0269999999999,1066.6381052631577
921.2706000000001,1061.7463157894738
921.5142,1056.7971052631576
921.7576999999998,1051.184947368421
922.0013000000001,1045.2980526315787
922.2449,1039.4572631578949
922.4883999999998,1034.5984210526312
922.7319000000002,1029.0708947368419
922.9755000000002,1023.7406315789476
923.2190000000006,1017.8298947368421
923.4625,1012.8192631578951
923.7059999999998,1007.434305263158
923.9495000000002,1002.339542105263
924.1929999999996,996.1045894736844
924.4364000000002,990.5757631578946
924.6798999999995,985.4095210526315
924.9233,979.4233368421052
925.1667999999994,974.2599789473685
925.4101999999999,968.5841263157896
925.6536,962.8282894736842
925.8970999999998,957.1043842105261
926.1404999999999,952.0520263157895
926.3839000000004,946.5564842105263
926.6272000000004,940.764136842105
926.8705999999999,935.1469473684211
927.1139999999999,929.7204157894739
927.3572999999999,923.8107210526314
927.6006999999994,917.5162263157895
927.8440000000006,910.7977842105264
928.0874000000001,904.5234157894736
928.3307000000001,897.3436789473683
928.5740000000002,890.7086421052633
928.8173000000002,883.7284789473684
929.0606000000004,876.8351736842106
929.3039000000003,870.3724263157894
929.5471,863.3836315789476
929.7904000000002,857.3399157894737
930.0337,849.9257947368421
930.2769000000004,841.8990315789473
930.5201000000001,834.4952526315792
930.7634,826.6470894736841
931.0066000000003,818.9476263157896
931.2497999999999,811.4926526315788
931.493,803.8161736842108
931.7361999999997,795.5918578947367
931.9793999999999,787.4863263157893
932.2225000000001,779.8098789473686
932.4657000000003,771.1843526315788
932.7088000000001,762.9709315789474
932.9519999999998,754.8179315789475
933.1951000000005,747.7851315789476
933.4382000000003,740.0060368421053
933.6813999999999,732.181752631579
933.9244999999996,723.9896105263157
934.1676000000003,716.2487684210527
934.4105999999996,708.9827263157895
934.6537000000003,701.4920578947367
934.8968000000001,694.2303736842106
935.1398000000005,686.3945842105264
935.3829000000002,678.8023947368423
935.6258999999994,670.9317789473685
935.8690000000001,663.6126000000002
936.1119999999996,655.373594736842
936.3549999999998,647.9484947368421
936.5980000000001,640.7166894736841
936.8410000000001,633.4892
937.0840000000003,627.2165684210527
937.3269,619.2335000000002
937.5699000000001,611.8190842105264
937.8129000000005,604.5550736842102
938.0557999999997,597.5935894736845
938.2986999999997,590.0569210526315
938.5417000000001,583.5743315789473
938.7845999999994,575.6781578947367
939.0274999999999,569.9504894736842
939.2703999999999,563.857642105263
939.5133000000001,558.0011315789473
939.7562,552.0278526315789
939.999,545.6715421052634
940.2419000000006,539.6223684210527
940.4847000000005,533.6735210526316
940.7275999999998,528.1179105263157
940.9703999999998,522.0172263157893
941.2131999999998,515.8538842105264
941.4559999999998,510.99451052631593
941.6987999999998,505.15873684210516
941.9415999999998,499.83025789473675
942.1843999999998,494.5987684210525
942.4271999999997,489.1716684210527
942.6699999999997,484.0833789473684
942.9127000000004,479.5173894736843
943.1555000000004,475.42157894736846
943.3981999999999,471.37215789473674
943.6409,467.0934263157895
943.8837,463.5357736842105
944.1263999999996,459.9341315789475
944.3691000000001,456.60598947368425
944.6118000000001,453.14811578947365
944.8543999999999,451.0238421052632
945.0970999999994,448.4135473684211
945.3398000000001,446.2599842105263
945.5823999999997,443.9686526315789
945.8250999999999,442.36065263157883
946.0676999999998,441.00802105263153
946.3102999999996,439.57000526315784
946.5530000000001,437.75436315789483
946.7955999999999,436.3951578947368
947.0381999999994,434.78370000000007
947.2806999999997,433.9499473684211
947.5233000000004,432.81158947368425
947.7659,431.9076789473684
948.0084000000002,430.67238421052616
948.251,430.02241578947377
948.4935000000003,430.59504736842104
948.7360999999997,430.63241578947367
948.9786,431.46131578947376
949.2211000000002,430.8115894736843
949.4635999999995,430.52742105263167
949.7060999999998,429.5038631578949
949.9485999999999,428.91484210526323
950.1911,429.50586315789457
950.4334999999995,429.3422105263158
950.6759999999998,428.82567894736843
950.9184000000001,428.6922263157895
951.1609000000003,428.5044473684209
951.4033000000001,428.8075789473685
951.6457000000006,428.81305263157896
951.8880999999999,428.8440894736842
952.1304999999996,429.1538315789474
952.3729,430.38711052631584
952.6152999999999,431.1564421052633
952.8575999999997,431.06468947368427
953.1,431.8118789473684
953.3423999999999,431.91053684210516
953.5846999999998,432.3146105263157
953.8269999999998,432.17713157894724
954.0694000000001,432.1558684210526
954.3116999999999,431.5027157894736
954.5539999999999,431.57520526315795
954.7962999999999,431.8147684210527
955.0386000000001,432.24902105263163
955.2808000000002,432.4184368421054
955.5231,432.223447368421
955.7654,431.51249473684203
956.0076000000005,431.5910052631579
956.2497999999999,430.6243684210526
956.4920999999998,430.8765999999999
956.7342999999998,430.72416315789474
956.9765000000003,430.8668157894738
957.2186999999999,430.76672631578947
957.4609000000002,430.3258473684212
957.7031000000002,429.75148421052637
957.9451999999998,429.4273578947368
958.1874000000003,429.2078947368422
958.4295999999998,429.2038789473683
958.6717000000003,428.8478263157896
958.9137999999999,428.1420736842106
959.1559999999994,427.65860000000004
959.3981,426.9530842105262
959.6402000000002,426.22601578947365
959.8822999999998,425.7923421052632
960.1244000000003,424.60278947368425
960.3664000000003,424.3272631578946
960.6084999999999,422.9390105263158
960.8506000000001,421.5470105263159
961.0926,420.0972105263157
961.3346999999998,419.65056842105264
961.5767,418.388547368421
961.8187,417.96344210526314
962.0606999999999,416.52543684210536
962.3027,416.0134894736843
962.5447,415.1282631578947
962.7867000000002,413.8593631578948
963.0287000000003,412.2763684210526
963.2706000000001,409.82627368421055
963.5125999999999,408.4520947368421
963.7544999999994,406.2884631578949
963.9965,405.825694736842
964.2383999999998,404.657752631579
964.4802999999996,403.67040000000003
964.7221999999999,402.61375263157896
964.9640999999999,400.72045263157895
965.2059999999998,399.7471736842105
965.4478999999995,398.80700526315803
965.6897000000001,397.15961578947366
965.9316000000001,395.4779736842104
966.1733999999999,393.55358947368416
966.4153000000002,392.0189631578947
966.6571000000001,390.4653368421052
966.8988999999999,390.14896842105264
967.1407999999999,388.72906842105266
967.3826000000005,387.2162684210526
967.6242999999997,386.59647894736844
967.8660999999996,385.0925631578948
968.1078999999994,383.77450526315795
968.3497,382.3307368421053
968.5914,380.9689210526317
968.8332000000006,379.34052631578936
969.0748999999998,378.2252
969.3165999999998,376.51363684210526
969.5583000000003,374.69078421052626
969.8001000000002,372.69657368421065
970.0417000000001,370.60798421052624
970.2834,368.3735736842107
970.5251000000001,366.79605789473686
970.7667999999999,365.2616947368421
971.0084000000002,363.6243789473685
971.2501,361.79116315789486
971.4917000000002,360.3120315789473
971.7333999999998,358.98186842105247
971.975,357.7589684210526
972.2166,356.83951578947364
972.4582000000006,355.6885052631578
972.6998,353.5757526315789
972.9413999999999,351.7851421052631
973.1830000000006,349.50359473684193
973.4244999999999,347.70920000000007
973.6661,345.928647368421
973.9076000000001,344.677005263158
974.1492000000001,342.41241578947376
974.3907000000002,340.28987894736844
974.6322,338.41124736842113
974.8736999999999,336.80668947368423
975.1152,335.295905263158
975.3567,333.56397368421045
975.5982000000001,331.8412368421052
975.8395999999997,329.97871052631564
976.0810999999998,327.6738368421052
976.3225999999997,326.76933157894734
976.564,324.74344210526306
976.8054,322.6655000000001
977.0467999999998,320.1089894736843
977.2882999999999,318.5895684210527
977.5296999999995,317.24704210526323
977.7711000000003,315.86593684210516
978.0123999999998,314.4417315789474
978.2538000000001,312.60191578947365
978.4951999999998,310.6372947368421
978.7364999999994,307.9272210526316
978.9779000000002,306.1213368421053
979.2191999999998,304.5668473684211
979.4604999999999,302.85617368421055
979.7019,301.4558210526317
979.9432,299.3396421052632
980.1844999999997,297.1179052631579
980.4257,296.1302631578947
980.6669999999999,294.91887368421055
980.9082999999995,293.2970736842106
981.1496000000003,292.62263684210524
981.3907999999999,290.3721210526316
981.632,287.5527578947368
981.8732999999996,285.08278947368416
982.1144999999999,283.18377368421045
982.3556999999998,281.3378894736842
982.5969000000002,279.6485263157896
982.8381000000005,278.00948947368437
983.0792999999999,276.97035263157903
983.3205000000002,274.7106526315789
983.5616000000006,273.17571052631575
983.8027999999999,270.92922631578944
984.0439000000002,269.5346578947368
984.2851000000006,267.8026789473685
984.5262,265.85791052631583
984.7672999999998,264.4506368421051
985.0084000000002,263.21222631578945
985.2495000000002,262.5101894736842
985.4905999999999,260.9723631578948
985.7317,259.7135368421054
985.9726999999999,258.15041052631585
986.2137999999999,256.5771842105264
986.4549000000003,255.0873894736842
986.6959000000002,252.93730000000002
986.9369000000003,251.21626842105272
987.1779000000001,249.40692631578958
987.4190000000002,248.0606736842105
987.6600000000001,246.88090526315796
987.9010000000002,246.4173105263158
988.1419000000001,245.2222842105263
988.3829000000002,244.73713157894744
988.6239000000002,242.49607894736843
988.8647999999997,241.70890526315793
989.1058,241.2642736842106
989.3467000000004,240.38708421052635
989.5876000000001,239.34827368421057
989.8284999999998,237.8328789473684
990.0695,236.77163157894736
990.3104,235.62323684210523
990.5512000000002,234.99969473684214
990.7921000000001,234.28385263157898
991.0329999999998,233.16706842105262
991.2738000000002,232.1046789473684
991.5147,231.99769473684205
991.7554999999996,231.70521052631585
991.9964,231.10118947368426
992.2371999999998,229.9168736842105
992.4779999999995,228.9214473684211
992.7188000000001,227.81733684210533
992.9595999999998,227.27175263157895
993.2004000000001,225.94274210526314
993.4411,224.5832578947368
993.6818999999998,223.2516473684211
993.9226999999995,222.17688421052634
994.1633999999999,221.9384421052632
994.4041,221.14352105263157
994.6448999999997,220.70060526315794
994.8856,219.9088
995.1263000000001,218.38565789473685
995.3669999999998,217.41617368421052
995.6077000000002,217.07650526315794
995.8483,215.8308842105263
996.0890000000002,215.21597368421055
996.3296999999999,214.23808947368425
996.5702999999997,213.03506842105264
996.8109000000002,212.40378947368416
997.0516,210.99768947368418
997.2922000000001,209.973252631579
997.5328000000005,208.83717894736841
997.7733999999997,207.2858578947368
998.0139999999996,206.2033105263158
998.2546,205.13486842105263
998.4950999999999,204.86107368421054
998.7357,203.40694210526308
998.9762999999999,203.10782631578945
999.2167999999998,202.41702631578949
999.4573000000004,201.45756315789478
999.6978000000003,200.27380526315787
999.9383999999994,198.49148947368417
1000.1789999999999,196.78688421052627
1000.4190000000002,195.49696315789473
1000.6600000000001,194.64881578947373
1000.9,193.76012105263158
1001.1409999999998,192.54096842105264
1001.3809999999999,192.08827368421046
1001.6219999999997,190.69482105263162
1001.8619999999999,189.90994210526316
1002.1029999999995,189.15442105263162
1002.3430000000004,187.8892526315789
1002.5830000000001,186.67699473684215
1002.8240000000002,185.1288315789473
1003.064,183.71236315789466
1003.3050000000001,183.10580526315786
1003.5449999999997,181.76559999999998
1003.7850000000001,179.89214210526313
1004.0260000000002,178.58034210526307
1004.2659999999998,177.79750526315797
1004.5059999999999,176.5941947368421
1004.7469999999997,175.7402578947368
1004.9869999999999,174.15383684210528
1005.2270000000001,172.66233684210528
1005.4680000000004,171.0439947368421
1005.7080000000001,169.2470210526316
1005.9480000000001,167.84036315789473
1006.1879999999998,166.24616842105266
1006.4289999999999,165.1078052631579
1006.6690000000002,163.6005157894737
1006.9089999999999,162.85271578947368
1007.1489999999999,161.57750526315786
1007.3899999999998,161.12194736842102
1007.6299999999999,159.35315263157895
1007.8700000000001,158.23007368421054
1008.1100000000002,157.37788947368423
1008.35,157.09488947368416
1008.5899999999999,156.3629473684211
1008.8309999999998,154.68532105263162
1009.0710000000001,153.14119999999994
1009.311,151.74545789473683
1009.5509999999998,150.3985736842106
1009.7909999999999,149.2864157894737
1010.0309999999994,147.9672105263158
1010.2710000000003,146.53752631578945
1010.5110000000001,145.00488421052634
1010.7520000000002,144.58611578947367
1010.9919999999998,143.92894210526313
1011.232,143.49035789473683
1011.4720000000001,141.8386526315789
1011.7119999999998,140.6287052631579
1011.952,139.5150789473684
1012.1919999999994,138.15299473684215
1012.4320000000004,136.87054210526318
1012.6720000000001,135.66665263157898
1012.912,135.1558789473684
1013.1520000000004,133.8326
1013.392,132.76098421052632
1013.632,130.99911578947373
1013.8719999999997,130.26742105263156
1014.1119999999999,129.4095263157895
1014.3520000000001,128.87199999999999
1014.5910000000001,128.61947894736844
1014.8309999999998,128.15012105263156
1015.0710000000001,127.55966842105262
1015.311,126.2427052631579
1015.5509999999998,124.97784736842107
1015.7909999999999,123.95424736842104
1016.0309999999994,123.40434210526318
1016.2710000000003,123.0091631578947
1016.5110000000001,121.87027368421052
1016.75,121.16451052631577
1016.9900000000001,120.07043684210528
1017.2299999999998,119.03535263157896
1017.47,118.5789157894737
1017.7099999999995,117.80699999999997
1017.9490000000002,117.08656315789473
1018.189,116.65598421052633
1018.4289999999999,115.71496842105262
1018.6690000000002,115.00430000000001
1018.9079999999998,113.68506315789479
1019.1479999999999,112.62608421052629
1019.3880000000001,111.30599473684211
1019.6280000000003,111.20476315789472
1019.8669999999998,110.66235263157894
1020.107,110.1618736842105
1020.3470000000001,109.24962631578944
1020.5859999999997,108.0157894736842
1020.8260000000006,107.27030526315794
1021.066,106.02845789473682
1021.3050000000001,105.22544736842106
1021.5449999999997,104.76181578947366
1021.7850000000001,103.70603684210528
1022.0239999999999,102.87715789473684
1022.2639999999996,102.47914736842104
1022.5040000000005,102.04627368421049
1022.743,101.64795263157893
1022.983,100.90365263157896
1023.2220000000001,99.62838578947368
1023.4619999999998,98.73020736842106
1023.702,97.75522736842106
1023.941,97.04915894736841
1024.1810000000003,97.0710163157895
1024.4199999999998,96.32526052631577
1024.66,95.87832210526312
1024.899,94.81677789473684
1025.1389999999997,94.04858526315789
1025.3780000000002,92.35977157894737
1025.618,91.55246368421054
1025.857,90.43684842105263
1026.0970000000002,89.44806947368421
1026.3359999999998,88.86221578947368
1026.5750000000003,88.32928368421051
1026.815,87.57950473684207
1027.054,87.17800789473687
1027.2940000000003,87.12077315789473
1027.5329999999997,85.91686
1027.773,85.42448526315789
1028.012,85.15183631578948
1028.251,84.78686578947368
1028.4910000000002,84.25393578947369
1028.7299999999998,83.57115947368423
1028.9690000000005,82.67844052631575
1029.209,81.53176052631584
1029.448,81.18951157894736
1029.6869999999997,81.00228000000003
1029.927,80.40981526315791
1030.166,79.90622052631579
1030.405,79.22085947368421
1030.6450000000002,77.40981578947371
1030.8839999999998,76.11760947368418
1031.1229999999998,75.39141157894737
1031.3620000000005,74.70892263157894
1031.602,74.75379210526319
1031.8410000000001,73.85589
1032.0800000000002,73.25681210526317
1032.3189999999997,72.15298526315787
1032.5580000000004,71.39687263157896
1032.798,70.54211473684211
1033.037,70.56540842105264
1033.2760000000003,69.59302000000001
1033.5149999999999,69.20762789473685
1033.7540000000004,68.58928105263159
1033.993,68.36581157894737
1034.233,67.48603157894738
1034.4720000000002,66.46359789473684
1034.7109999999998,66.14493157894736
1034.9500000000003,65.93958315789475
1035.1889999999999,65.43138842105262
1035.428,64.41959421052628
1035.667,63.619477368421066
1035.9059999999995,63.13314105263156
1036.1450000000002,62.72934421052633
1036.3839999999998,62.60365999999998
1036.6229999999998,61.923475789473684
1036.8620000000005,61.51162789473684
1037.101,60.93095473684212
1037.34,60.080509473684195
1037.5790000000002,59.11300684210526
1037.8179999999998,58.715827368421046
1038.0570000000002,57.97495684210524
1038.2959999999998,57.932679473684225
1038.535,57.77075894736843
1038.774,56.9703563157895
1039.0129999999995,56.20187736842105
1039.2520000000002,55.15672421052633
1039.4910000000002,55.043981052631565
1039.7299999999998,54.674701578947385
1039.9690000000005,55.164776842105255
1040.208,53.9579894736842
1040.447,53.39227157894737
1040.685,53.72474263157894
1040.9239999999995,53.641336842105254
1041.1630000000002,52.91657578947367
1041.4020000000003,52.147231578947356
1041.6409999999998,51.79261631578946
1041.8800000000006,51.188648421052626
1042.118,50.827418421052634
1042.357,50.04628368421053
1042.596,49.58266421052631
1042.8349999999996,48.920603684210526
1043.0740000000003,47.88062315789473
1043.3119999999997,47.13313842105263
1043.5509999999997,46.71467999999999
1043.7900000000004,47.419881578947354
1044.029,47.160751578947384
1044.267,45.98703789473684
1044.506,45.67441210526315
1044.7449999999994,45.377892631578945
1044.983,45.524570526315784
1045.2220000000002,45.85301263157895
1045.4609999999998,46.01551105263158
1045.6990000000003,45.59186684210525
1045.9380000000003,44.98588368421052
1046.177,43.34827105263157
1046.4150000000004,42.84151157894737
1046.654,41.842948947368434
1046.893,41.82971842105262
1047.131,41.77248526315791
1047.3699999999994,41.91686263157896
1047.608,41.35747105263159
1047.8470000000002,41.37156631578947
1048.0859999999998,40.73624631578947
1048.3240000000003,41.020971052631594
1048.5630000000003,40.68677947368419
1048.8009999999997,40.31634473684211
1049.0400000000004,39.98991421052631
1049.2779999999998,39.2487557894737
1049.517,38.94821157894738
1049.7550000000006,39.27953263157895
1049.994,39.42620789473684
1050.232,39.52744578947369
1050.471,38.69454473684211
1050.709,37.453243684210534
1050.948,37.27981736842104
1051.1860000000001,37.40434894736842
1051.4239999999995,36.867681578947376
1051.6630000000002,36.43081105263157
1051.9010000000003,35.76931947368421
1052.1399999999999,35.35632210526315
1052.3780000000002,35.59215684210525
1052.6160000000002,35.34481421052631
1052.8549999999998,35.13141526315791
1053.0930000000003,34.737108421052646
1053.3319999999999,34.19295999999999
1053.57,34.53463631578948
1053.8080000000004,34.82310210526316
1054.047,34.613148947368416
1054.285,34.788301052631574
1054.523,33.9723694736842
1054.761,34.28355631578946
1055.0,34.06929263157895
1055.238,33.41384263157895
1055.476,32.57432315789474
1055.715,32.484304736842105
1055.953,32.51536789473684
1056.191,31.98675
1056.429,31.963453157894744
1056.667,31.827131052631582
1056.9059999999995,32.0543352631579
1057.144,31.65053684210526
1057.382,31.250767894736835
1057.6199999999994,31.5452794736842
1057.858,31.55074315789473
1058.0970000000002,31.345681578947374
1058.3349999999996,29.790028421052636
1058.573,29.354306842105267
1058.8110000000001,29.642487368421058
1059.0489999999995,30.50587578947368
1059.287,30.20015210526316
1059.525,29.43339947368421
1059.7629999999995,28.595031578947374
1060.001,28.20015052631579
1060.239,28.10926789473684
1060.4779999999996,27.676138947368415
1060.7160000000001,28.076195789473683
1060.9540000000002,28.222871052631586
1061.1919999999996,28.874585263157893
1061.43,28.277805263157905
1061.6680000000001,27.233514210526323
1061.9059999999995,26.554482105263162
1062.144,26.03478157894737
1062.382,25.547291578947362
1062.6199999999994,25.51133842105263
1062.858,24.33762578947368
1063.096,23.655716315789473
1063.333,23.508177368421048
1063.571,23.278952631578946
1063.809,23.21827105263158
1064.047,22.857040526315792
1064.285,22.654279473684213
1064.523,22.327560000000002
1064.761,22.271190000000008
1064.999,22.487754736842103
1065.2370000000005,22.617177368421054
1065.4739999999997,22.597907894736846
1065.7119999999998,21.60595947368421
1065.9500000000003,20.94188421052631
1066.1880000000003,20.897305263157897
1066.4259999999997,21.349417368421058
1066.6640000000002,21.01263210526316
1066.9010000000003,20.289593684210526
1067.1389999999997,20.490345263157895
1067.3770000000002,20.500698421052633
1067.6150000000002,20.21827052631578
1067.852,19.987035263157896
1068.09,18.97093
1068.328,18.184907894736842
1068.566,17.777373684210534
1068.803,17.00832
1069.041,16.60308736842105
1069.279,16.38565842105263
1069.5159999999998,16.23667789473684
1069.7540000000004,15.842374210526316
1069.9919999999997,15.597045263157895
1070.2289999999998,15.397159473684212
1070.4670000000003,15.603085263157894
1070.7050000000002,15.970066315789474
1070.9419999999996,15.554768421052634
1071.18,14.916860526315793
1071.4180000000001,14.09977842105263
1071.655,14.03823105263158
1071.893,13.815915263157894
1072.1300000000006,13.423333157894735
1072.368,13.325833684210526
1072.6049999999998,13.016374736842103
1072.8430000000003,13.30167789473684
1073.0809999999997,13.045708947368416
1073.3179999999998,12.972657368421048
1073.5560000000003,12.163051052631577
1073.7930000000001,11.828856842105262
1074.0309999999995,11.836619473684209
1074.268,11.79089105263158
1074.506,12.122499999999997
1074.743,12.347408421052634
1074.981,12.156146842105263
1075.2180000000003,12.804121052631574
1075.4550000000002,12.76098105263158
1075.6929999999998,12.059800526315792
1075.93,11.917723157894732
1076.1680000000001,11.910822631578947
1076.405,12.058365263157894
1076.642,12.316343157894739
1076.8800000000006,12.637022631578947
1077.1169999999997,12.276365263157897
1077.3549999999998,12.888386842105268
1077.5920000000003,13.642776842105263
1077.8290000000002,13.486028947368421
1078.0669999999996,14.069291052631579
1078.304,14.20734157894737
1078.541,14.993077368421055
1078.779,15.214531578947375
1079.0159999999998,15.615451578947372
1079.2530000000002,15.684191578947363
1079.4900000000002,15.175991578947372
1079.7279999999996,15.241279473684209
1079.965,14.427933157894742
1080.202,14.316630000000005
1080.4389999999999,14.395145263157895
1080.677,14.520256315789469
1080.9140000000002,14.479416315789475
1081.1510000000003,14.733945789473685
1081.3879999999995,15.0212647368421
1081.625,15.173402631578952
1081.863,14.347117368421051
1082.1,14.274640526315789
1082.3369999999998,13.739985263157893
1082.5740000000003,14.42937210526316
1082.8110000000001,15.100354736842107
1083.048,14.95884947368421
1083.285,14.22316210526316
1083.5220000000004,14.102655789473685
1083.7599999999998,14.353155263157895
1083.9969999999998,14.454392631578948
1084.2340000000002,14.727616842105258
1084.471,15.016083157894732
1084.708,15.182894210526316
1084.945,15.1492452631579
1085.1820000000002,14.724165789473686
1085.4190000000003,15.069869473684204
1085.6559999999995,15.770758421052637
1085.893,16.320946315789477
1086.1300000000006,16.54671789473684
1086.3669999999997,17.183468421052634
1086.6039999999998,17.57403842105263
1086.8410000000001,17.81706210526316
1087.078,17.474238421052632
1087.315,17.52399684210526
1087.552,17.385369473684218
1087.7890000000002,17.132854736842102
1088.0260000000003,16.32756105263158
1088.262,16.050886842105257
1088.499,16.44634210526315
1088.7360000000003,16.7097847368421
1088.9729999999997,15.971218421052635
1089.2099999999996,15.98588578947368
1089.447,15.981573157894742
1089.684,15.287583684210523
1089.9209999999998,14.992215789473684
1090.1569999999997,15.68649210526316
1090.394,15.643923157894733
1090.631,16.28528315789474
1090.868,16.160747894736843
1091.1049999999998,15.929804736842106
1091.3410000000001,15.949647894736843
1091.578,16.034205263157894
1091.815,15.552466315789475
1092.052,15.435702105263156
1092.2880000000002,15.612861578947365
1092.525,15.235815263157894
1092.762,14.570875789473686
1092.999,13.798941052631577
1093.2350000000001,13.440015789473684
1093.4720000000002,12.64996526315789
1093.709,12.137166315789477
1093.945,12.391122105263163
1094.1820000000002,12.076194736842105
1094.4190000000003,12.123075263157892
1094.655,11.806997368421056
1094.892,12.032192105263158
1095.1280000000002,12.016659473684207
1095.3650000000002,12.00400842105263
1095.602,11.964030526315787
1095.838,11.617754210526316
1096.0750000000003,11.195837368421055
1096.3110000000001,11.651691578947368
1096.548,11.263422631578951
1096.7839999999999,11.539815263157896
1097.0210000000002,11.838059473684215
1097.2580000000003,11.478554736842105
1097.494,11.315195263157893
1097.731,12.180307368421055
1097.9670000000003,12.163048947368422
1098.2040000000002,11.858476315789478
1098.44,11.658592105263159
1098.677,11.903919473684207
1098.9130000000002,11.844385263157896
1099.149,11.695692631578943
1099.386,11.456118421052633
1099.6219999999998,11.619477894736844
1099.8590000000002,10.843235263157894
1100.095,10.138604947368421
1100.3319999999999,10.178581263157898
1100.5679999999998,10.046859157894735
1100.804,9.716113999999997
1101.041,9.117609736842105
1101.2770000000003,8.883499578947369
1101.5129999999995,9.226324052631577
1101.75,9.530609315789475
1101.9860000000003,10.448639999999997
1102.2220000000002,10.768168421052634
1102.459,11.54901578947368
1102.695,12.372713684210527
1102.9310000000003,11.877748421052631
1103.1680000000001,11.987324736842107
1103.404,12.506451052631581
1103.6399999999999,12.238977894736843
1103.876,12.77823631578947
1104.113,13.32497263157895
1104.3489999999997,13.381918421052632
1104.5849999999996,13.39831052631579
1104.821,13.240704736842106
1105.0570000000002,12.825401052631582
1105.2940000000003,12.685627894736843
1105.53,12.901041052631578
1105.7659999999998,12.678153157894736
1106.0020000000002,12.901905263157891
1106.238,13.254795789473683
1106.4739999999997,13.379903157894734
1106.7109999999998,13.113869999999997
1106.947,12.685913684210528
1107.1830000000004,12.630406842105263
1107.4190000000003,12.239840000000001
1107.655,11.74689
1107.8909999999998,12.466188947368419
1108.1270000000002,6.03247889473684
1108.363,8.611424815789476
1108.5989999999997,12.01493410526316
1108.8349999999996,40.57633947368422
1109.071,60.22546052631578
1109.3070000000002,36.120198421052635
1109.5430000000001,26.435989473684206
1109.779,39.13774210526316
1110.0149999999999,11.85703910526316
1110.251,12.892127157894738
1110.4870000000005,26.50616315789473
1110.7229999999997,9.979845789473686
1110.959,30.593879999999995
1111.195,45.36581105263159
1111.4310000000003,11.418444052631573
1111.667,36.85703842105262
1111.9029999999998,-14.949980000000005
1112.1389999999997,-5.546469526315791
1112.375,7.892127368421053
1112.6110000000003,18.90967157894737
1112.8470000000002,19.137742736842114
1113.0819999999999,12.681602105263156
1113.3179999999998,19.68160210526316
1113.554,28.94475947368421
1113.7900000000004,0.8394961684210527
1114.0260000000003,-15.774539894736835
1114.262,-20.634188421052635
1114.4969999999998,-10.423661052631578
1114.733,-10.458749157894735
1114.9690000000005,28.014934210526306
